Client Number,Name,State,Address,City,"Longitude , Latitude"
AL1112,HAIR & MORE (AL1112),AL,"1112 9TH AVE N, BESSEMER, AL 35020",BESSEMER,"33.3983327, -86.96796189999999"
AL1312,EAST BROAD BEAUTY SUPPLY (AL1312),AL,"1312 E BROAD ST. ,GADSDEN, AL35903",ADSDEN,"33.9970803, -85.98069079999999"
AL136,BEAUTY MANIA (AL136),AL,"136 RIVER SQUARE PLAZA, HUEYTOWN, AL35023",HUEYTOWN,"33.4526543, -86.9844087"
AL1400,BEAUTY 4 LESS BEAUTY SUPPLY (AL1400),AL,"1400 MCFARLAND BLVD , NORTHPORT, AL35476",NORTHPORT,"33.2381118, -87.57058599999999"
AL1407,QUEEN HAIR BEAUTY SUPPLY (AL1407),AL,"1407 N MEMORIAL PKWY, HUNTSVILLE, AL 35810",HUNTSVILLE,"34.7488487, -86.6012847"
AL1433,BEAUTY MASTERS (AL1433),AL,"1433 WOODWARD RD #C, MIDFIELD, AL35228",MIDFIELD,"33.4615958, -86.9080487"
AL1519,BEAUTY & BEYOND BEAUTY SUPPLY (AL1519),AL,"1519 CULVER RD, TUSCALOOSA, AL35401",TUSCALOOSA,"33.1997387, -87.58998419999999"
AL1615,BEAUTY & BEYOND BEAUTY SUPPLY (AL1615),AL,"1615 MONTGOMERY HWY, HOOVER, AL 35216",HOOVER,"33.3972477, -86.8049771"
AL1624,BEAUTY TRENDZ CRESTWOOD-BEAUTY SUPPLY (AL1624),AL,"1624 MONTCLAIR RD, BIRMINGHAM, AL35210",BIRMINGHAM,"33.5275751, -86.7227164"
AL1627,BEAUTY MANIA (AL1627),AL,"1627 FORESTDALE BLVD, BIRMINGHAM, AL35214",BIRMINGHAM,"33.5698278, -86.89884169999999"
AL1642,BEAUTY AND BEYOND GALLERIA (AL1642),AL,"1642 MONTGOMERY HWY, HOOVER, AL 35216",HOOVER,"33.3939642, -86.8071396"
AL1664,IMPERIAL HAIR & BEAUTY SUPPLY (AL1664),AL,"1664 MONTGOMERY HWY, BIRMINGHAM, AL 35216",BIRMINGHAM,"33.3925799, -86.8076047"
AL1700,ROYALTY BEAUTY SUPPLY (AL1700),AL,"700 ACADEMY DR SUITE 120, BESSEMER, AL35022",BESSEMER,"33.358465, -86.99880499999999"
AL1762,BEAUTY & BEYOND BEAUTY SUPPLY (AL1762),AL,"2762 EASTERN BLVD, MONTGOMERY, AL 36117",MONTGOMERY,"32.3453728, -86.2258864"
AL1945,BEAUTY TRENDZ 5 POINTS INC (AL1945),AL,"1945 BESSEMER RD, BIRMINGHAM, AL35208",BIRMINGHAM,"33.4918801, -86.88265439999999"
AL1956,BEAUTY ISLAND BEAUTY SUPPLY (AL1956),AL,"1956 S UNIVERSITY BLVD, MOBILE, AL 36609",MOBILE,"30.6491143, -88.161766"
AL201,BEAUTY TRENDZ HOMEWOOD-BEAUTY SUPPLY (AL201),AL,"201 GREEN SPRINGS HWY,BIRMINGHAM, AL35209",IRMINGHAM,"33.4670401, -86.82219979999999"
AL2112,QUEEN'S BEAUTY (AL2112),AL,"2112 CENTER POINT PKWY, CENTER POINT, AL35215",CENTER POINT,"33.6406672, -86.6843208"
AL2115,SUPER PLATINUM BEAUTY (AL2115),AL,"2115 CENTER POINT PKWY, BIRMINGHAM, AL35215",BIRMINGHAM,"33.64099, -86.68306249999999"
AL2121,BEAUTY EMPIRE (AL2121),AL,"2121 BESSEMER RD, BIRMINGHAM, AL35208",BIRMINGHAM,"33.4939533, -86.8800965"
AL2208,BEAUTY & BEYOND BEAUTY SUPPLY (AL2208),AL,"2208 HALLS MILL RD, MOBILE, AL 36606",MOBILE,"30.6620426, -88.0960235"
AL2211,HAIR QUEEN #2 (AL2211),AL,"2211 UNIVERSITY DR NW, HUNTSVILLE, AL 35816",HUNTSVILLE,"34.7488487, -86.6012847"
AL2246,BEAUTY AND BEYOND BEAUTY SUPPLY (AL2246),AL,"2246 PELHAM PKWY, PELHAM, AL 35124",PELHAM,"33.3331002, -86.7937348"
AL2312,BEAUTY LAND (AL2312),AL,"2312 SAINT STEPHENS RD, MOBILE, AL36617",MOBILE,"30.7189897, -88.0823855"
AL2338,PLATINUM BEAUTY (AL2338),AL,"2338 CENTER POINT PKWY, CENTER POINT, AL35215",CENTER POINT,"33.647747, -86.685204"
AL2422,BEAUTY & BEYOND BEAUTY SUPPLY (AL2422),AL,"2422 E SOUTH BLVD, MONTGOMERY, AL 36116",MONTGOMERY,"32.3254534, -86.2588713"
AL2504,BEAUTY MASTERS BEAUTY SUPPLY (AL2504),AL,"2504 31ST AVE N, BIRMINGHAM, AL 35207",BIRMINGHAM,"33.5527099, -86.8196414"
AL2585,BEAUTY & BEYOND BEAUTY SUPPLY (AL2585),AL,"2585 MADISON AVE, MONTGOMERY, AL 36107",MONTGOMERY,"32.3818028, -86.2732699"
AL2711,BEAUTY & BEYOND BEAUTY SUPPLY (AL2711),AL,"2711 UNIVERSITY BLVD E, TUSCALOOSA, AL35401",TUSCALOOSA,"33.20567130000001, -87.5024861"
AL2762,BEAUTY & BEYOND BEAUTY SUPPLY (AL2762),AL,"2762 EASTERN BLVD, MONTGOMERY, AL 36117",MONTGOMERY,"32.3453728, -86.2258864"
AL2775,BEAUTY & BEYOND BEAUTY SUPPLY (AL2775),AL,"2775 EASTERN BLVD, MONTGOMERY, AL 36117",MONTGOMERY,"32.3439304, -86.2217501"
AL28600,GIRLZ WITH CURLS BEAUTY BAR (AL28600),AL,"28600 US-98 SUIT H, DAPHNE, AL36526",DAPHNE,"30.6418183, -87.9116039"
AL3006,HANAN BEAUTY SUPPLY (AL3006),AL,"3006 MCGEHEE RD, MONTGOMERY, AL 36111",MONTGOMERY,"32.3371227, -86.2603204"
AL3300,DISCOUNT BEAUTY OUTLET (AL3300),AL,"3300 STILLMAN BLVD, TUSCALOOSA, AL35401",TUSCALOOSA,"33.2019961, -87.5794542"
AL3303,U SAVE BEAUTY OUTLET (AL3303),AL,"3201 STILLMAN BLVD, TUSCALOOSA, AL 35401",TUSCALOOSA,"33.2024207, -87.5777497"
AL3309,BEAUTY SECRET BEAUTY SUPPLY (AL3309),AL,"3309 LORNA RD #7, HOOVER, AL 35216",HOOVER,"33.3937045, -86.7963618"
AL349,BEAUTY MANIA (AL349),AL,"349 WALKER CHAPEL PLAZA, FULTONDALE, AL35068",FULTONDALE,"33.6111344, -86.7975998"
AL350,KSR HAIR & BEAUTY SUPPLY (AL350),AL,"350 N BROAD ST, MOBILE, AL36603",MOBILE,"30.6945114, -88.0553283"
AL3563,BEAUTY & BEYOND BEAUTY SUPPLY (AL3563),AL,"3563 AL-14, MILLBROOK, AL36054",MILLBROOK,"32.5161757, -86.3793441"
AL3711,DISCOUNT BEAUTY OUTLET 2 (AL3711),AL,"3711 MCFARLAND BLVD E, TUSCALOOSA, AL 35405",TUSCALOOSA,"33.1746215, -87.5236431"
AL3711E,THE HAIR DEPOT AL3711E (AL3711E),AL,"3711 EASTERN BLVD, MONTGOMERY, AL36116",MONTGOMERY,"32.3282607, -86.2314755"
AL4055,GORGEOUS SUPPLY (AL4055),AL,"4055 COTTAGE HILL RD #107C, MOBILE, AL36609",MOBILE,"30.6512103, -88.1470902"
AL4107,BEAUTY & BEYOND BEAUTY SUPPLY (AL4107),AL,"4107 NORMAN BRIDGE RD, MONTGOMERY, AL 36105",MONTGOMERY,"32.324932, -86.29823800000001"
AL425,PLATINUM BEAUTY (AL425),AL,"425 HUFFMAN RD, BIRMINGHAM, AL35215",BIRMINGHAM,"33.5936069, -86.6943419"
AL4561,BEAUTY & BEOND (AL4561),AL,"4561 ST STEPHENS RD, EIGHT MILE, AL 36613",EIGHT MILE,"30.764044, -88.1293772"
AL4647,BEAUTY DIVA (AL4647#1),AL,"4647 US-280 UNIT Q, BIRMINGHAM, AL 35242",BIRMIGHAM,"33.4259974, -86.70158219999999"
AL4647,BEAUTY DIVA BEAUTY SUPPLY (AL4647#2),AL,"4647 US-280 UNIT Q, BIRMINGHAM, AL 35242",BIRMINGHAM,"33.4259974, -86.70158219999999"
AL4710,HAIR QUEEN #1 (AL4710),AL,"4710 UNIVERSITY DR L1, HUNTSVILLE, AL 35816",HUNTSVILLE,"34.7375413, -86.6479245"
AL4805,BEAUTY & BEYOND BEAUTY SUPPLY (AL4805),AL,"4805 MOFFETT RD, MOBILE, AL 36618",MOBILE,"30.7191819, -88.15387199999999"
AL5,BEAUTY & BEYOND BEAUTY SUPPLY (AL5),AL,"5 W FAIRVIEW AVE, MONTGOMERY, AL 36105",MONTGOMERY,"32.3503047, -86.30863409999999"
AL512,BEAUTY & BEYOND BEAUTY SUPPLY (AL512),AL,"512 S WILSON AVE, MOBILE, AL 36617",MOBILE,"30.7202349, -88.08349799999999"
AL5411,BEAUTY & BEYOND BEAUTY SUPPLY (AL5411),AL,"5411 ATLANTA HWY, MONTGOMERY, AL 36109",MONTGOMERY,"32.3829956, -86.2132949"
AL5956,BEAUTY TRENDZ TRUSSVILLE-BEAUTY SUPPLY (AL5956),AL,"5956 CHALKVILLE MOUNTAIN RD, BIRMINGHAM, AL 35235",BIRMINGHAM,"33.6423801, -86.6230957"
AL606,BEAUTY & BEYOND BEAUTY SUPPLY (AL606),AL,"606 S MEMORIAL DR, PRATTVILLE, AL36067",PRATTVILLE,"32.4611797, -86.4513939"
AL675,ALEX BEAUTY SUPPLY OXFORD AL (AL675),AL,"675 CREEKSIDE DR, OXFORD, AL 36203",OXFORD,"33.6158992, -85.8255743"
AL714,U&I BEAUTY SUPPLY (AL714),AL,"714 BATTLE ST E, TALLADEGA, AL35160",TALLADEGA,"33.437505, -86.08874949999999"
AL7156,BEAUTY & BEYOND BEAUTY SUPPLY (AL7156),AL,"7156 AIRPORT BLVD, MOBILE, AL 36608",MOBILE,"30.6875119, -88.21051849999999"
AL719,BEAUTY & BEYOND BEAUTY SUPPLY (AL719),AL,"719 SKYLAND E BLVD, TUSCALOOSA, AL 35405",TUSCALOOSA,"33.1673151, -87.5263145"
AL7335,ONE STOP BEAUTY SUPPLY (AL7335),AL,"7335 AIRPORT BLVD SUITE E, MOBILE, AL36608",MOBILE,"30.6866031, -88.21473329999999"
AL769,HAIR ON WHEELS HUEYTOWN (AL769),AL,"769 ALLISON-BONNETT DR, HUEYTOWN, AL 35061",HUEYTOWN,"33.4572189, -86.9586343"
AL7713,BEAUTY MASTERS INC (AL7713),AL,"7713 2ND AVE S, BIRMINGHAM, AL35206",BIRMINGHAM,"33.5596079, -86.72461469999999"
AL9092,BEAUTY TRENDZ ROEBUCK-BEAUTY SUPPLY (AL9092),AL,"9092 PARKWAY E, BIRMINGHAM, AL35206",BIRMINGHAM,"33.58556069999999, -86.70542050000002"
AR101,BEAUTY TRENDZ WEST MEMPHIS- BEAUTY SUPPLY (AR101),AR,"101 DOVER RD, WEST MEMPHIS, AR 72301",WEST MEMPHIS,"35.16219336591441, -90.1853145326445"
AR1200,QUEEN HAIR & BEAUTY SUPPLIES (AR1200),AR,"1200 JOHN BARROW RD #107, LITTLE ROCK, AR 72205",LITTLE ROCK,"34.739185853025205, -92.37185100382607"
AR154,SUPREME HAIR & BEAUTY (AR4401),AR,"4401 CAMP ROBINSON RD SUITE 1 B, NORTH LITTLEROCK, AR 72118",LITTLE ROCK,
AR1600,BEAUTY MANIA BEAUTY SUPPLY (AR1600),AR,"1600 S LINDEN ST, PINE BLUFF, AR 71603",PINE BLUFF,"34.213185573281095, -92.01470758664773"
AR2612,BEAUTY MANIA BEAUTY SUPPLY (AR2612),AR,"2612 S OLIVE ST, PINE BLUFF, AR 71601",PINE BLUFF,"34.2025595401405, -92.00727904617575"
AR5411,BEAUTY MANIA & MORE (AR5411),AR,"5411 DOLLARWAY RD, PINE BLUFF, AR 71602",PINE BLUFF,"34.24561994098566, -92.06233367686515"
AR5917,SUPREME HAIR & BEAUTY 3 (AR5917),AR,"5917 BASELINE RD, LITTLE ROCK, AR 72209",LITTLE ROCK,"34.66881202453741, -92.34336956150183"
AR6420,SUPREME HAIR & BEAUTY (AR6420),AR,"6420 COLONEL GLENN RD SUITE 1C, LITTLE ROCK, AR 72204",LITTLE ROCK,"34.71947273751799, -92.34849426149972"
AR7509,BEAUTY & BEYOND (AR7509),AR,"7509 CANTRELL RD #2, LITTLE ROCK, AR 72207",LITTLE ROCK,"34.77066046153567, -92.35661433080632"
AR8821,99 CENTS PLUS (AR8821),AR,"8709 GEYER SPRINGS RD, LITTLE ROCK, AR 72209",LITTLE ROCK,"34.67175983997331, -92.34284984615616"
AR926,BUY AND SAVE HAIR & BEAUTY SUPPLY (AR926),AR,"926 N STATE LINE AVE, TEXARKANA, AR 71854",TEXARKANA,"33.43245569918077, -94.04270040202545"
DC667,NUMBER 1 BEAUTY SUPPLY,DC,"2847 ALABAMA AVE SE, WASHINGTON, DC 20020",WASHINGTON DC,
FL380,BEAUTY R US,FL,"7912 LEM TURNER RD, JACKSONVILLE, FL 32208",JACKSONVILLE,
FL381,BEAUTY EXCHANGE BEAUTY SUPPLY,FL,"1403 DUNN AVE UNIT26, JACKSONVILLE, FL32218",JACKSONVILLE,
FL382,BEAUTYLICIOUS,FL,"3507 SOUTHSIDE BLVD, JACKSONVILLE, FL32216",JACKSONVILLE,
FL383,BEAUTY SUPPLY USA,FL,"6679 ARLINGTON RD N, JACKSONVILLE, FL 32211",JACKSONVILLE,
FL384,#1 BEAUTY SUPPLY,FL,"6366 103RD ST, JACKSONVILLE, FL 32210",JACKSONVILLE,
FL385,COCO BEAUTY SUPPLY # 1,FL,"6677 103RD ST, JACKSONVILLE, FL 32210",JACKSONVILLE,
FL386,COCO BEAUTY SUPPLY # 3,FL,"9776 ATLANTIC BLVD, JACKSONVILLE, FL 32225",JACKSONVILLE,
FL387,COCO BEAUTY SUPPLY # 5,FL,"1108 DUNN AVE, JACKSONVILLE, FL 32218",JACKSONVILLE,
FL388,COCO BEAUTY SUPPLY # 7,FL,"5865 UNIVERSITY BLVD W, JACKSONVILLE, FL 32216",JACKSONVILLE,
FL389,1000 RUGS,FL,"10531 ATLANTIC BLVD, JACKSONVILLE, FL 32225",JACKSONVILLE,
FL390,BEAUTY EXCHANGE BEAUTY SUPPLY,FL,"3118 EDGEWOOD AVE W, JACKSONVILLE, FL 32209",JACKSONVILLE,
FL391,U&I BEAUTY SUPPLY,FL,"1907 KINGS RD, JACKSONVILLE, FL32209",JACKSONVILLE,
FL392,CLASSY GIRL BEAUTY SUPPLY,FL,"305 S STATE RD 7, MARGATE, FL33068",MARGATE,
FL393,#1 DISCOUNT BEAUTY SUPPLY,FL,"7900 NW 27TH AVE C4, MIAMI, FL 33147",MIAMI,
FL394,BEAUTY EXCHANGE BEAUTY SUPPLY,FL,"18354 NW 7TH AVE, MIAMI, FL 33169",MIAMI,
FL395,BEAUTY EXCHANGE BEAUTY SUPPLY,FL,"11020 SW 184TH ST, MIAMI, FL 33157",MIAMI,
FL396,BEAUTY EXCHANGE BEAUTY SUPPLY,FL,"10690 NW 7TH AVE, MIAMI, FL 33150",MIAMI,
FL397,BEAUTY EXCHANGE BEAUTY SUPPLY,FL,"1140 NW 54TH ST, MIAMI, FL 33127",MIAMI,
FL398,BEAUTY EXCHANGE BEAUTY SUPPLY,FL,"2390 NW 46TH ST, MIAMI, FL 33142",MIAMI,
FL399,BEAUTY EXCHANGE BEAUTY SUPPLY#11,FL,"11820 NW 10TH AVE, MIAMI, FL 33168",MIAMI,
FL400,SUPER BEAUTY DISCOUNT,FL,"11090 NW 7TH AVE, MIAMI, FL 33168",MIAMI,
FL401,REAHANA BEAUTY SUPPLY,FL,"23226 SW 112TH AVE, MIAMI, FL 33170",MIAMI,
FL402,BARGAIN WISE BEAUTY SUPPLIES,FL,"325 SW AVE B, BELLE GLADE, FL 33430",BELLE GLADE,
FL403,ROYAL DISCOUNTS,FL,"531 SW 16TH ST, BELLE GLADE, FL 33430",BELLE GLADE,
FL404,ALI BEAUTY SUPPLY AND SALON (FL1180),FL,"1180 N UNIVERSITY DR, CORAL SPRINGS, FL 33071",CORAL SPRING,
FL405,#1 NY BEAUTY SUPPLY,FL,"5050 34TH ST S, ST.PETERSBURG, FL33711",ST. PETERSBURG,
FL406,QUEEN HAIR BEAUTY SUPPLY,FL,"1326 DR. M. L. K. JR ST S, ST. PETERSBURG, FL 33701",ST. PETERSBURG,
FL407,BEAUTY & BEYOND,FL,"6548 OLD WINTER GARDEN RD, ORLANDO, FL32835",ORLANDO,
FL408,#1 BEAUTY SUPPLY,FL,"3109 W COLONIAL DR, ORLANDO, FL 32808",ORLANDO,
FL409,#1 BEAUTY SUPPLY,FL,"2700 S ORANGE BLOSSOM TRL, ORLANDO, FL 32805",ORLANDO,
FL410,beauty exchange beauty supply,FL,"4497 N PINE HILLS RD, ORLANDO, FL 32808",ORLANDO,
FL411,beauty exchange beauty supply,FL,"6359 W COLONIAL DR, ORLANDO, FL 32818",ORLANDO,
FL412,beauty exchange beauty supply,FL,"4649 S ORANGE BLOSSOM TRL, ORLANDO, FL 32839",ORLANDO,
FL413,DIAMOND BEAUTY SUPPLY/BOOSTMOBILE,FL,"3501 OLD WINTER GARDEN RD SUITE 102, ORLANDO, FL 32805",ORLANDO,
FL414,BLACK DIAMOND BEAUTY SUPPLY AND WIG SHOP,FL,"1216 E FOWLER AVE, TAMPA, FL 33612",TAMPA,
FL415,J-LO BEAUTY SUPPLY SUPER CENTER,FL,"4958 E BUSCH BLVD, TAMPA, FL 33617",TAMPA,
FL416,J-LO BEAUTY SUPPLY BUSCH BLVD,FL,"5016 E BUSCH BLVD, TAMPA, FL 33617",TAMPA,
FL417,J-LO BEAUTY SUPPLY,FL,"11607 N 15TH ST, TAMPA, FL 33612",TAMPA,
FL418,J-LO BEAUTY SUPPLY,FL,"2285 E BEARSS AVE, TAMPA, FL 33613",TAMPA,
FL419,J-LO BEAUTY SUPPLY,FL,"9014 N FLORIDA AVE, TAMPA, FL 33604",TAMPA,
FL420,J-LO BEAUTY SUPPLY,FL,"10065 E ADAMO DR, TAMPA, FL 33619",TAMPA,
FL421,DIVA BEAUTY SUPPLY,FL,"5202 N 22ND ST, TAMPA, FL 33610",TAMPA,
FL422,HD BEAUTY SUPPLY AND WIG STORE,FL,"7707 W HILLSBOROUGH AVE, TAMPA, FL 33615",TAMPA,
FL423,GLOW UP BEAUTY SUPPLY,FL,"3401 N 22ND ST, TAMPA, FL 33605",TAMPA,
FL424,RAW BEAUTY SUPPLY,FL,"7825 PALM RIVER RD, TAMPA, FL 33619",TAMPA,
FL425,PEOPLE'S BEAUTY SUPPLY,FL,"5014 E SLIGH AVE, TAMPA, FL 33617",TAMPA,
FL426,LA BEAUTY SUPPLY,FL,"8914 N 56TH ST, TAMPA, FL 33617",TAMPA,
FL427,NY BEAUTY TAMPA,FL,"4941 E BUSCH BLVD #240, TAMPA, FL 33617",TAMPA,
FL428,J-LO BEAUTY SUPPLY,FL,"2525 E HILLSBOROUGH AVE, TAMPA, FL33647",TAMPA,
FL429,SOLID GOLD BEAUTY SUPPLY,FL,"7440 PALM RIVER ROAD, TAMPA, FL33619",TAMPA,
FL430,CALI'S BEAUTY SUPPLY,FL,"2790 W TENNESSEE ST SUITE 1, TALLAHASSEE, FL32304",TALLAHASSEE,
FL431,CALI'S BEAUTY SUPPLY,FL,"3217 APALACHEE PKWY, TALLAHASSEE, FL32311",TALLAHASSEE,
FL432,CALI'S BEAUTY SUPPLY,FL,"3030 S MONROE ST, TALLAHASSEE, FL32301",TALLAHASSEE,
FL433,CALI'S BEAUTY SUPPLY,FL,"3813 N MONROE ST #14, TALLAHASSEE, FL 32303",TALLAHASSEE,
FL434,EVE'S BEAUTY SUPPLY,FL,"2001 S ADAMS ST. ,TALLAHASSEE, FL32301",TALLAHASSEE,
FL435,CALI'S BEAUTY SUPPLY,FL,"1420 NW 23RD AVE, GAINESVILLE, FL 32605",GAINESVILLe,
FL436,WOW BEAUTY SUPPLY,FL,"2418 N MAIN ST, GAINESVILLE, FL 32609",GAINESVILLe,
FL437,WOW BEAUTY SUPPLY & WIG SHOP,FL,"938 W BRANDON BLVD, BRANDON, FL 33511",BRANDON,
FL438,J-LO BEAUTY SUPPLY SARASOTA,FL,"3251 17TH ST, SARASOTA, FL 34235",SARASOTA,
FL439,MIMI BEAUTY SUPPLY,FL,"2000 N WASHINGTON BLVD B, SARASOTA, FL 34234",SARASOTA,
FL440,DIAMOND BEAUTY SUPPLY,FL,"4316 LEE BLVD UNIT #10, LEHIGH ACRES, FL33971",LEHIGH ACRES,
FL441,EMPIRE HAIR & BEAUTY,FL,"5781 LEE BLVD UNIT #208, LEHIGH ACRES, FL33971",LEHIGH ACRES,
FL443,DIAMOND BEAUTY SUPPLY #2 (FL3452#2),FL,"3452 CLEVELAND AVE, FORT MYERS, FL 33901",FORT MYERS,
FL444,EMPIRE HAIR AND BEAUTY SUPPLY,FL,"3235 CLEVELAND AVE, FORT MYERS, FL33901",FORT MYERS,
FL445,TNT BEAUTY DEPOT,FL,"3853 CLEAVELAND AVE #160, FORT MYERS, FL33901",FORT MYERS,
FL446,UNIQUE BEAUTY SUPPLY,FL,"3645 DR MARTIN LUTHER KING JR BLVD, FORT MYERS, FL33916",FORT MYERS,
FL447,K & K WIGS & BEAUTY SUPPLY (FL3452#1),FL,"3452 FOWLER ST, FORT MYERS, FL33901",FORT MYERS,
FL448,SNAPPY'S BEAUTY SUPPLY,FL,"559 17TH ST W, PALMETTO, FL 34221",PALMETTO,
FL449,T N T'S BEAUTY & BARBER SALON,FL,"557 17TH ST W, PALMETTO, FL 34221",PALMETTO,
FL450,JUST FOR YOUR HAIR & BEAUTY,FL,"4548 NW 183RD ST, MIAMI GARDENS, FL33055",MIAMI GARDENS,
FL451,CLASSY GIRL BEAUTY SUPPLY,FL,"19670 NW 27TH AVE, MIAMI GRADENS, FL 33056",MIAMI GARDENS,
FL452,CLASSY GIRL BEAUTY SUPPLY #1,FL,"19920 NW 2ND AVE, MIAMI GRADENS, FL 33169",MIAMI GARDENS,
FL453,DIAMOND GIRL BEAUTY SUPPLY,FL,"15972 NW 27TH AVE, MIAMI GARDENS, FL 33054",MIAMI GARDENS,
FL454,J-LO BEAUTY SUPPLY RIVERVIEW,FL,"9844 US-301, RIVERVIEW, FL 33578",RIVERVIEW,
FL455,HD BEAUTY & WIG SHOP,FL,"12350 US-301 HWY, RIVERVIEW, FL33579",RIVERVIEW,
FL456,RAZZ BEAUTY SUPPLY,FL,"20 E 30TH ST. UNIT A1, RIVIERA BEACH, FL33404",RIVERVIEW,
FL457,24K BEAUTY SUPPLY,FL,"2913 S ORLANDO DR, SANFORD, FL 32773",SANFORD,
FL458,ALI BEAUTY SUPPLY,FL,"706 BOYNTON BEACH BLVD #112, BOYNTON BEACH, FL33426",BOYNTON BEACH,
FL459,ALI BEAUTY SUPPLY,FL,"4745 N CONGRESS AVE , BOYNTON BEACH, FL33426",BOYNTON BEACH,
FL460,ALI BEAUTY SUPPLY,FL,"5353 DIXIE HWY, DEERFIELD BEACH, FL 33064",DEERFIELD,
FL461,ALI BEAUTY SUPPLY AND SALON,FL,"3147 FOREST HILL BLVD, WEST PALM BEACH, FL33406",WEST PALM BEACH,
FL462,CLASSY GIRL BEAUTY SUPPLY,FL,"4356 OKEECHOBEE BLVD, WEST PALM BEACH, FL 33409",WEST PALM BEACH,
FL463,BEAUTY EXCHANGE BEAUTY SUPPLY,FL,"2100 45TH ST #B3, WEST PALM BEACH, FL 33407",WEST PALM BEACH,
FL464,UNIQUE BEAUTY SUPPLY,FL,"5335 N MILITARY TRL #42, WEST PALM BEACH, FL 33407",WEST PALM BEACH,
FL465,BEAUTY FIRST PSL,FL,"261 SE PORT ST LUCIE BLVD, PORT ST. LUCIE, FL 34984",PORT ST. LUCIE,
FL466,C & L HAIR AND WIGS,FL,"71 S DIXIE HWY STE 3, ST. AUGUSTINE, FL32084",ST. AUGUSTINE,
FL467,COCO BEAUTY SUPPLY,FL,"2901 W OAKLAND PARK BLVD, OAKLAND PARK, FL33311",OAKLAND PARK,
FL468,CLASSY GIRL BEAUTY SUPPLY,FL,"269 NE 167TH ST, NORTH MIAMI BEACH, FL 33162",NORTH MIAMI,
FL469,CLASSY LADY BEAUTY SUPPLY #2,FL,"12580 NE 6TH AVE, NORTH MIAMI BEACH, FL 33161",NORTH MIAMI,
FL470,SHAKE N GO BEAUTY SUPPLY,FL,"840 E MEMORIAL BLVD, LAKELAND, FL 33801",LAKELAND,
FL471,ALL THINGS BEAUTY SUPPLY&SALON,FL,"408 N ALEXANDER ST, PLANT CITY, FL33563",LAKELAND,
FL472,CLASSY GIRL BEAUTY SUPPLY,FL,"3929 NW 19TH ST, LAUDERDALE LAKE, FL 33311",LAUDERDALE LAKE,
FL473,DIAMOND GIRL BEAUTY SUPPLY,FL,"5460 N UNIVERSITY DR, LAUDERHILL, FL 33351",LAUDERHILL,
FL474,BEAUTY EXCHANGE BEAUTY SUPPLY,FL,"1172 N STATE RD 7 #441, LAUDERHILL, FL 33313",LAUDERHILL,
FL475,BEAUTY TRENDS BEAUTY SUPPLIES,FL,"5821 W OAKLAND PARK BLVD, LAUDERHILL, FL 33313",LAUDERHILL,
FL476,CLASSY GIRL BEAUTY SUPPLY,FL,"3100 W COMMERCIAL BLVD, FORT LAUDERDALE, FL33309",FORT LAUDERDALE,
FL477,DIAMOND GIRL BEAUTY SUPPLY,FL,"931 NW 27TH AVE, FORT LAUDERDALE, FL 33311",FORT LAUDERDALE,
FL478,DIAMOND GIRL BEAUTY SUPPLY,FL,"3224 W BROWARD BLVD, FORT LAUDERDALE, FL 33312",FORT LAUDERDALE,
FL479,BEAUTY EXCHANGE BEAUTY SUPPLY,FL,"1020 W SUNRISE BLVD, FORT LAUDERDALE, FL 33311",FORT LAUDERDALE,
FL480,BEAUTY EXCHANGE BEAUTY SUPPLY,FL,"4384 NW 31ST AVE, FORT LAUDERDALE, FL 33309",FORT LAUDERDALE,
FL481,AZIZ DISCOUNT BEAUTY SUPPLY,FL,"3400 W BROWARD BLVD, FORT LAUDERDALE, FL 33312",FORT LAUDERDALE,
FL482,CLASSY GIRL BEAUTY SUPPLY,FL,"2607 W ATLANTIC BLVD, POMPANO BEACH, FL 33069",POMPANO BEACH,
FL483,DIAMOND GIRL BEAUTY SUPPLY,FL,"1780 HAMMONDVILLE RD, POMPANO BEACH, FL 33069",POMPANO BEACH,
FL484,DIAMOND GIRL BEAUTY SUPPLY,FL,"11130 PINES BLVD, PEMBROKE PINES, FL 33026",PEMBROKE PINES,
FL485,CLASSY GIRL BEAUTY SUPPLY,FL,"6833 MIRAMAR PKWY, MIRAMAR, FL 33023",MIRAMAR,
FL486,DIAMOND GIRL BEAUTY SUPPLY,FL,"9963 MIRAMAR PKWY, MIRAMAR, FL 33025",MIRAMAR,
FL487,BEAUTY EXCHANGE BEAUTY SUPPLY,FL,"6311 MIRAMAR PKWY, MIRAMAR, FL 33023",MIRAMAR,
FL488,BEAUTY EXCHANGE BEAUTY SUPPLY,FL,"6200 W OAKLAND PARK BLVD, SUNRISE, FL 33313",SUNRISE,
FL489,TALA'S BEAUTY SUPPLY,FL,"3970 SW 40TH AVE, WEST PARK, FL33023",WEST PARK,
FL490,J LO BEAUTY SUPPLY,FL,"1427 57TH AVE E, BRADENTON, FL 34203",BRADENTON,
FL491,MIMI 2 BEAUTY SUPPLY,FL,"925 15TH ST E, BRADENTON, FL 34208",BRADENTON,
FL492,T N T BEAUTY SUPPLY-GARDEN ST,FL,"711 GARDEN ST, TITUSVILLE, FL 32796",TITUSVILLE,
FL493,3 DIAMONDS BEAUTY SUPPLY,FL,"1072 CLEARLAKE RD, COCOA, FL32922",TITUSVILLE,
FL494,OASIS BEAUTY SUPPLY #2,FL,"4081 E OLIVE RD B, PENSACOLA, FL 32514",PENSACOLA,
FL495,OASIS BEAUTY SUPPLY #3,FL,"1801 W FAIRFIELD DR, PENSACOLA, FL 32501",PENSACOLA,
FL496,PEOPLE'S BEAUTY SUPPLY,FL,"1580 W CERVANTES ST, PENSACOLA, FL 32501",PENSACOLA,
FL497,PEOPLE'S BEAUTY SUPPLY #2,FL,"3886 N 9TH AVE, PENSACOLA, FL 32503",PENSACOLA,
FL498,J-LO BEAUTY SUPPLY,FL,"1291 S MISSOURI AVE, CLEARWATER, FL 33756",CLEARWATER,
FL499,BELLA GLAM,FL,"1841 N HIGHLAND AVE UNIT 4, CLEARWATER, FL33755",CLEARWATER,
FL500,JOJ BEAUTY SUPPLY,FL,"1642 MISSOURI AVE N SUITE 150, LARGO, FL33770",CLEARWATER,
FL501,PEOPLE'S BEAUTY SUPPLY,FL,"9281 N 56TH ST, TEMPLE TERRACE, FL 33617",TEMPLE TERRACE,
FL502,K & S HAIR & BEAUTY,FL,"804 W NEW HAVEN AVE A, MELBOURNE, FL 32901",MELBOURNE,
FL503,J-LO BEAUTY SUPPLY,FL,"710 W DR MARTIN LUTHER KING JR BLVD SPACE 00300, SEFFNER, FL 33584",SEFFNER,
FL504,PALM DRIVE BEAUTY SUPPLY& SHOES,FL,"636 W PALM DR, FLORIDA CITY, FL 33034",FLORIDA CITY,
FL505,RIVIERA BEACH BEAUTY SUPPLY,FL,"2617 PRESIDENT BARACK OBAMA HWY, RIVIERA BEACH, FL 33404",RIVIERA BEACH,
FL506,MOYA MODEL BEAUTY SUPPLY,FL,"1114 MASON AVE, DAYTONA BEACH, FL32117",DAYTONA BEACH,
FL507,MIRACLE BEUTY SUPPLY,FL,"822 US HWY 27 S, AVON PARK, FL 33825",AVON PARK,
FL508,GOOD TRADING DISCOUNT,FL,"1699 E HINSON AVE, HAINES CITY, FL 33844",HAINES CITY,
FL509,3 DIAMONDS BEAUTY SUPPLY,FL,"4651 BABCOCK ST NE UNIT #19A, PALM BAY, FL 32905",PALM BAY,
FL510,BEAUTY EXCHANGE BEAUTY SUPPLY,FL,"7986 W MCNAB RD, NORTH LAUDERDALE, FL 33068",NORTH LAUDERDALE,
FL511,REAHANA BEAUTY SUPPLY 2,FL,"14324 SW 264TH ST #600, NARANJA, FL 33032",NARANJA,
FL512,SAM BEAUTY SUPPLY,FL,"27068 S DIXIE HWY, HOMESTEAD, FL 33032",HOMESTEAD,
FL513,VERDE DOLLAR PLUS BEAUTY SUPPLY,FL,"708 SW 6TH AVE, HOMESTEAD, FL 33030",HOMESTEAD,
FL514,R & B BEAUTY SUPPLY,FL,"1057 W HALLANDALE BEACH BLVD, HALLANDALE BEACH, FL 33009",HALLANDALE BEACH,
FL515,THE BEAUTY PLUG ENTERPRISE,FL,"6949 W COMMERCIAL BLVD, TAMARAC, FL 33319",TAMARAC,
FL516,D & D BEAUTY EXPRESS,FL,"1424 1ST N, WINTER HAVEN, FL 33881",WINTER HAVEN,
FL518,WOW BEAUTY SUPPLY,FL,"4937 GULFPORT BLVD S, GULFPORT, FL 33707",GULFPORT,
FL519,J-LO BEAUTY SUPPLY,FL,"1400 49TH ST S, GULFPORT, FL 33707",GULFPORT,
GA1001,BEAUTY DEPOT SUPER CENTER,GA,"1001 N SLAPPEY BLVD, ALBANY, GA31701",ALBANY,"31.5906201, -84.1773896"
GA1005,5 STAR BEAUTY,GA,"1005 RUSSELL PKWY, WARNER ROBINS, GA 31088",WARNER ROBINS,"32.5936685, -83.6568249"
GA104,PARADISE BEAUTY,GA,"104 W GENERAL SCREVEN WAY, HINESVILLE, GA 31313",HINESVILLE,"31.8461031, -81.6030934"
GA109,BEAUTY QUEEN BEAUTY SUPPLY,GA,"109 RUSSELL PKWY, WARNER ROBINS, GA 31088",WARNER ROBINS,"32.5923839, -83.62480049999999"
GA1217,ELEGANT BEAUTY SUPPLY,GA,"1217 16TH AVE E, CORDELE, GA 31015",CORDELE,"31.9612703, -83.7589942"
GA1340,BEAUTY QUEEN 98C STORE,GA,"1340 GRAY HIGHWAY, MACON, GA 31211",MACON,"32.86195680000001, -83.61530359999999"
GA147,BEAUTY & BEYOND,GA,"147 ATLANTA CONNECTOR, BRUNSWICK, GA 31525",BRUNSWICK,"31.1536336, -81.4822716"
GA1515,BEAUTY WORLD BEAUTY SUPPLY,GA,"1515 N ASHLEY ST, VALDOSTA, GA 31602",VALDOSTA,"30.850423, -83.2802227"
GA1557,5 STAR BEAUTY,GA,"1557 WATSON BLVD, WARNER ROBINS, GA 31093",WARNER ROBINS,"32.6183461, -83.6479523"
GA1631,HAIR GLOBAL AUGUSTA,GA,"1631 GORDON HWY STE 7A, AUGUSTA, GA 30906",AUGUSTA,"33.4414832, -82.0145055"
GA1647,IT'S AMAZING BEAUTY SUPPLY,GA,"1647 GORDON HWY, AUGUSTA, GA 30906",AUGUSTA,"33.4404, -82.0178593"
GA1715,EMPIRE HAIR & BEAUTY SUPPLY,GA,"1715 NORMAN DR, VALDOSTA, GA31601",VALDOSTA,"30.8411647, -83.31772610000002"
GA1810,BEAUTY QUEEN 98C STORE,GA,"1810 N COLUMBIA ST, MILLEDGEVILLE, GA 31061",MILLEDGEVILLE,"33.1016969, -83.2511303"
GA1835,5 STAR BEAUTY,GA,"1835 N COLUMBIA ST, MILLEDGEVILLE, GA 31061",MILLEDGEVILLE,"33.1200837, -83.2616317"
GA1846,BEAUTY QUEEN BEAUTY SUPPLY,GA,"1846 WATSON BLVD, WARNER ROBINS, GA 31093",WARNER ROBINS,"32.6186761, -83.6398473"
GA1865,EMPRESS BEAUTY SUPPLY,GA,"1865 MOUNT ZION RD, MORROW, GA30260",MORROW,"33.5679924, -84.3316481"
GA1900,BEAUTY GIANT,GA,"1900 E VICTORY DR SUITE D6, SAVANNAH, GA 31404",SAVANNAH,"32.0421397, -81.0659043"
GA1920,BEST BEAUTY,GA,"1920 AUBURN AVE, COLUMBUS, GA 31906",COLUMBUS,"32.485872, -84.9457288"
GA1940,BEAUTY & BEYOND,GA,"1940 MILLS B LANE BLVD #E, SAVANNAH, GA 31405",SAVANNAH,"32.0539206, -81.1393143"
GA201,PRINCESS BEAUTY SUPPLY,GA,"201 E MONTGOMERY CROSS RD, SAVANNAH, GA31406",SAVANNAH,"31.9970662, -81.1190854"
GA204,Queen beauty supply (GA204),GA,204 Manhattan st,Americus,"32.0628236, -84.2238383"
GA2125,ROYAL BEAUTY SUPPLY,GA,"2125 E VICTORY DR, SAVANNAH, GA 31404",SAVANNAH,"32.0397353, -81.06352590000002"
GA229,BEAUTY & BEYOND,GA,"229 W GENERAL SCREVEN WAY SUITE K, HINESVILLE, GA 31313",HINESVILLE,"31.8488344, -81.6062725"
GA245,GA'S BEAUTY SUPPLY,GA,"245 HOPKINS CORNER DR, WAYNESBORO, GA 30830",WAYNESBORO,"33.1053921, -82.0233915"
GA265,VIP beauty supply (GA265),GA,265 Tom Hill sr blvd,Macon,"32.8967738, -83.6894377"
GA2724,ECON BEAUTY SUPPLY,GA,"2724 WATSON BLVD STE A, WARNER ROBINS, GA31093",WARNER ROBINS,"32.6205305, -83.6747607"
GA3217,BEAUTY QUEEN 98C STORE,GA,"3217 MERCER UNIVERSITY DR, MACON, GA 31204",MACON,"32.8239328, -83.6825042"
GA3240,5 STAR BEAUTY,GA,"3240 S COBB DR SE SUITE 700, SMYRNA, GA 30080",SMYRNA,"33.8594405, -84.51711"
GA3465,BEAUTY QUEEN 98C STORE,GA,"3465 MACON RD, COLUMBUS, GA 31907",COLUMBUS,"32.4846343, -84.9381179"
GA3705,MECCA FASHION,GA,"3705 MONTGOMERY ST, SAVANNAH, GA 31405",SAVANNAH,"32.0460376, -81.10964659999999"
GA3920,HAIR ZONE BEAUTY SUPPLY,GA,"3920 PIO NONO AVE, MACON, GA 31206",MACON,"32.7938031, -83.6668203"
GA4437,5 STAR BEAUTY,GA,"4437 COLUMBUS RD STE:C, MACON, GA 31206",MACON,"32.8251575, -83.71542869999999"
GA4551,HAIR DEPOT,GA,"4551 BILLY WILLIAMSON DR, MACON, GA31206",MACON,"32.805295, -83.6934887"
GA4601,5 STAR BEAUTY,GA,"4601 SKIDAWAY RD, SAVANNAH, GA 31404",SAVANNAH,"32.0273631, -81.0710701"
GA4632,5 STAR BEAUTY,GA,"4632 HICKS RD, MABLETON, GA 30126",MABLETON,"33.8448164, -84.578643"
GA4800,EMPRESS BEAUTY SUPPLY,GA,"4800 REDAN RD, STONE MOUNTAIN, GA30088",ATLANTA,"33.8227652, -84.2185527"
GA4855,SEVEN DAUGHTERS BEAUTY SUPPLY,GA,"4855 OLD NATIONAL HWY STE B, ATLNTA,GA30337",ATLANTA,"33.6226007, -84.47677"
GA502,BEAUTY QUEEN 98C STORE,GA,"502 BROWN AVE, COLUMBUS, GA 31906",COLUMBUS,"32.4555267, -84.9601543"
GA525,GATE 2 BEAUTY SUPPLY,GA,"525 E ROBINSON AVE, GROVETOWN, GA30813",GROVETOWN,"33.4438824, -82.186622"
GA628,BEAUTY & BEYOND,GA,"628 MARTIN LUTHER KING JR BLVD, SAVANNAH, GA 31401",SAVANNAH,"32.06872, -81.1016012"
GA642,5 STAR BEAUTY,GA,"642 SHURLING DR, MACON, GA 31211",MACON,"32.8609293, -83.6122056"
GA6575,BEAUTY QUEEN,GA,"6575 WHITTLESEY BLVD SUIT A-100, COLUMBUS, GA 31909",COLUMBUS,"32.5467935, -84.941567"
GA711,BEAUTY & BEYOND,GA,"711 E MONTGOMERY CROSS RD, SAVANNAH, GA 31406",SAVANNAH,"31.993009, -81.1007114"
GA8303,IT'S AMAZING BEAUTY,GA,"8303 WHITE BLUFF RD #A, SAVANNAH, GA31406",SAVANNAH,"31.9989738, -81.1226425"
GA915,EXPRESS BEAUTY SUPPLY,GA,"915 AMBER DR B, COLUMBUS, GA 31907",COLUMBUS,"32.4719877, -84.8923181"
IL187,HOLLYWOOD BEAUTY SUPPLY 3,IL,"31645 CAMP JACKSON RD, CAHOKIA, IL 62206",CAHOKIA,
IL188,A1 BEAUTY SUPPLY (IL1603),IL,"1603 WASHINGTON AVE, ALTON, IL 62002",ALTON,
IL189,PURE FASHION & BEAUTY,IL,"7440 S CICERO AVE, CHICAGO, IL 60629",CHICAGO,
IL190,ALI BEAUTY SUPPLY,IL,"3835 ROOSEVELT RD, CHICAGO, IL 60624",CHICAGO,
IL192,IMAGES BEAUTY SUPPLY (123),IL,"7100 OLD MISSOURI AVE, EAST ST. LOUIS, IL 62207",CENTREVILLE,
IL193,A&A BEAUTY SUPPLY,IL,"13 BELLEVUE PARK PLAZA, BELLEVILLE, IL 62226",BELLEVILLE,
IL195,STYLE THAT BEAUTY,IL,"118 E HILLCREST DR, DEKALB, IL 60115",DECALB,
IL196,HAIR ZONE,IL,"306 S MAIN ST, HILLSBORO, IL 62049",HILLSBORO,
IL197,HAIR ZONE,IL,"3725 N STERLING AVE, PEORIA, IL 61615",PEORIA,
IL198,STAR BEAUTY SUPPLY,IL,"3305 STATE ST, EAST ST. LOUIS, IL 62205",EAST ST. LOUIS,
IL50,IMAGES BEAUTY SUPPLY&BEAUTY BAR,IL,2005 W US Highway 50,Fairview Heights,
IL51,Images beauty supply 3,IL,"5720 N belt W , STE #26",Belleville,
IL67,A1 BEAUTY SUPPLY,IL,1603 Washington AVE,Alton,
IL68,Hollywood beauty supply 3 (IL1645),IL,1645 camp Jackson rd,East Saint Louis,
IL747,Velora beauty (IL5541),IL,5541 Belleville crossing st,Belleville,
IN10255,Supreme Hair Depot,IN,10255 East Washington Street,Indianapolis,"39.7733281, -85.98504679999999"
IN2304,Unique beauty supply (IN2304),IN,2304 Lincoln way w,South bend,"41.6876918, -86.28268899999999"
IN2338,Zuri Beauty Supply,IN,2338 East Stop 11 Rd,Indianapolis,"39.6512993, -86.12069760000001"
IN2350,Hunt's Beauty Supply,IN,2350 Hickory Road,Mishawaka,"41.6749871, -86.2847589"
IN244,Hunts Beauty Supply South Bend,IN,244 South Olive St,South Bend,"41.670566, -86.2796195"
IN2455,Hunts Beauty Supply Elkhart,IN,1712 South Nappanee Street,Elkhart,"41.6714533, -86.0015317"
IN3307,Diva Beauty Supply IN,IN,3309 East State Boulevard,Fort Wayne,"41.09785189999999, -85.0970128"
IN4621,The Hair Expo,IN,4621 Lafayette Road,Indianapolis,"39.832960, -86.239322"
IN5333,URban Beauty Supply,IN,5333 East Thompson Road,Indianapolis,"39.6934027, -86.0767539"
IN5509,Hair and Beauty Depot - Fort Wayne,IN,5509 Coldwater Road,Fort Wayne,"41.1299788, -85.1405561"
KY1145,BEAUTY TRENDZ (KY1145#1),KY,1145 4TH ST,LOUISVILLE,"38.2381851, -85.7597852"
KY1145,Beauty Trendz Beauty Supply (KY1145#2),KY,1145 s fourth st,Louisville,"38.2381851, -85.7597852"
KY139,BUNDLES N WIGS (KY139#1),KY,"139 E NEW CIRCLE RD STE 110, LEXINGTON, KY 40505",LEXINGTON,"38.0648027, -84.4677639"
KY139,Bundles n wigs beauty supply (KY139#2),KY,139 e new circle rd,Lexington,"38.0648027, -84.4677639"
KY2225,KNS beauty supply (jc beauty) (KY2225),KY,2225 hikes ln,Louisville,"38.2006295, -85.6598229"
KY3131,Joe's beauty supply (KY3131),KY,3131 w broadway,Louisville,"38.2459956, -85.7536447"
KY4443,FAMOUS HAIR BEAUTY SUPPLY #1 (KY4443#1),KY,4443 cane run rd,Louisville,"38.1960531, -85.8398559"
KY4443,FAMOUS HAIR BEAUTY SUPPLY #3 (KY4443#3),KY,"4443 CANE RUN RD, LOUISVILLE, KY 40216",LOUISVILLE,"38.1960531, -85.8398559"
KY4443,K&T Beauty Supply (KY4443#4),KY,4443 cane run rd,Louisville,"38.1960531, -85.8398559"
KY4838,Jim Dandy Beauty Supply (KY4838),KY,4838 poplar level rd,Louisville,"38.1721729359732, -85.68607930367425"
KY5711,FAMOUS HAIR BEAUTY SUPPLY (KY5711#2),KY,5711 PRESTON HWY,LOUISVILLE,"38.1517025, -85.6980186"
KY5711,Famous hair beauty supply (KY5711#3),KY,5711 preston hwy,Louisville,"38.1517025, -85.6980186"
KY5711,Hair heaven beauty supply (KY5711#1),KY,5711 preston hwy,Louisville,"38.1517025, -85.6980186"
(LA925),MEGA DEALS HAIR AND MORE (LA925),LA,"925 BEHRMAN HWY STE 14, GRETNA, LA 70056",GRETNA,"29.8907033, -90.01809449999999"
LA1005,BUY & SAVE BROAD ST. (LA1005),LA,"1005 BROAD ST, LAKE CHARLES, LA 70601",LAKE CHARLES,"30.22801, -93.2067732"
LA1010,NY STYLE (LA1010),LA,"1010 HONDURAS ST, HOUMA, LA 70360",HOUMA,"29.5897088, -90.7181332"
LA103,BEAUTY & BEYOND (LA103),LA,"103 LOUISIANA AVE, LAFAYETTE, LA 70501",LAFAYETTE,"30.2249525, -92.0101037"
LA1036,LAPLACE BEAUTY MARKET,LA,"1036 W AIRLINE HWY #111, LAPLACE, LA 70068",LAPLACE,"30.0711775, -90.4870694"
LA1036,LAPLACE BEAUTY MARKET (LA1036),LA,"1036 W AIRLINE HWY #111, LAPLACE, LA 70068",LAPLACE,"30.0711775, -90.4870694"
LA1102,INFINITE BEAUTY (LA1102),LA,"1102 E ADMIRAL DOYLE DR, NEW IBERIA, LA 70560",NEW IBERIA,"29.9838552, -91.82107339999999"
LA1103,HAIR EMPIRE (LA1103),LA,"1103 SHREVPORT BARKSDALE HWY, LA71105",SHREVPORT,"32.48473582701473, -93.70753508857263"
LA11232,CINDY'S BEAUTY SUPPLIES (LA11232),LA,"11232 N HARRELLS FERRY RD, BATON ROUGE, LA 70816",BATON ROUGE,"30.4323777, -91.058665"
LA1166,MAX BEAUTY SUPPLY (LA1166),LA,"1166 TERRY PKWY, TERRYTOWN, LA 70056",TERRYTOWN,"29.8908616, -90.0315866"
LA1208,DOLLAR MANIA (LA1208),LA,"1208 HOMER RD, MINDEN, LA 71055",MINDEN,"32.62368956909631, -93.25256674623986"
LA1215,IMAN'S BEAUTY SUPPLY (LA1215),LA,"1215 NW EVANGELINE THRUWAY, LAFAYETTE, LA 70501",LAFAYETTE,"30.2379099, -92.01448169999999"
LA1223,INFINITE BEAUTY OPELOUSAS (LA1223),LA,"1223 HEATHER DR, OPELOUSAS, LA 70570",OPELOUSAS,"30.5095701, -92.07378880000002"
LA12929,PRINCESS BEAUTY SUPPLY (LA12929),LA,"12929 COURSEY BLVD, BATON ROUGE, LA 70816",BATON ROUGE,"30.4104276, -91.03508889999999"
LA1313,HAIR GALLERIA (LA1313),LA,"1313 WINNSBORO ROAD, MONROE, LA 71202",MONROE,"32.4855066, -92.0900078"
LA13787,JANNA'S BEAUTY SUPPLIES (LA13787),LA,"13787 OLD HAMMOND HWY, BATON ROUGE, LA 70816",BATON ROUGE,"30.44795199999999, -91.0317237"
LA14400,HAIR ZONE (LA14400),LA,"14400 PLANK RD, BAKER, LA 70714",BAKER,"30.5775002, -91.1270502"
LA1452,BEAUTY & BEYOND (LA1452),LA,"1452 N BROAD ST, NEW ORLEANS, LA 70119",NEW ORLEANS,"29.9768313, -90.07708570000001"
LA1466,OPRAH BEAUTY SUPPLY (LA1466),LA,"1466 W AIRLINE HWY, LAPLACE, LA 70068",LAPLACE,"30.0738831, -90.495192"
LA1507,BEAUTY MART (LA1507),LA,"1507 W AIRLINE HWY, LAPLACE, LA 70068",LAPLACE,"30.07200439999999, -90.4954934"
LA1509,DOLLAR MANIA (LA1509),LA,"1509 E BERT KOUNS INDUSTRIAL LOOP, SHREVPORT, LA 71105",SHREVPORT,"32.42859507105062, -93.71643694995721"
LA1510,IBERIA HAIR & BEAUTY SUPPLY (LA1510),LA,"1510 CENER ST. ,NEW IBERIA, LA70560",EW IBERIA,"30.0019452, -91.8416062"
LA1555,JASMINES BEAUTY SUPPLY (LA1555),LA,"1555 GARDERE LN, BATON ROUGE, LA 70820",BATON ROUGE,"30.3558629, -91.1263181"
LA1603,MAC BEAUTY SUPPLY (LA1603),LA,"1603 FRANKLIN AVE, NEW ORLEANS, LA 70117",NEW ORLEANS,"29.9742705, -90.0481513"
LA1611,H&S BEAUTY SUPPLY (LA1611),LA,"1611 CANAL BLVD, THIBODAUX, LA 70301",THIBODAUX,"29.7812203, -90.8193754"
LA1620,IBERIA HAIR AND BEAUTY SUPPLY (LA1620),LA,"1620 S HOPKINS ST, NEW IBERIA, LA 70560",NEW IBERIA,"30.0019452, -91.8416062"
LA1717,OPRAH BEAUTY SUPPLY (LA1717),LA,"1717 W AIRLINE HWY, LAPLACE, LA 70068",LAPLACE,"30.07176669999999, -90.4985059"
LA1726,JABERS BEAUTY (LA1726),LA,"1726 N AIRLINE HWY, GONZALES, LA 70737",GONZALES,"30.2480914, -90.9217297"
LA1833,BUY & SAVE HAIR & BEAUTY SUPPLY (LA1833),LA,"1833 GERSTNER MEMORIAL DR, LAKE CHARLES, LA 70601",LAKE CHARLES,"30.2151248, -93.179305"
LA1880,ALL STAR BEAUTY SUPPLY (LA1880),LA,"1880 REES ST SUITE 103-A, BREAUX BRIDGE, LA 70517",BREAUX BRIDGE,"30.2905951, -91.910943"
LA1913,DOLLAR PLUS BEAUTY SUPPLY (LA1913),LA,"1913 N MARKET ST SUITE A, SHREVEPORT, LA 71107",SHREVEPORT,"32.54461610042146, -93.7782297057706"
LA199,BEAUTY & MORE SLIDELL (LA199),LA,"199 GAUSE BLVD W, SLIDELL, LA 70460",SLIDELL,"30.2874931, -89.7821372"
LA2001,IMAN BEAUTY SUPPLY 2,LA,"2001 MOSS ST, LAFAYETTE, LA 70501",LAFAYETTE,"30.25121409999999, -92.0059679"
LA2001,IMAN BEAUTY SUPPLY 2 (LA2001),LA,"2001 MOSS ST, LAFAYETTE, LA 70501",LAFAYETTE,"30.25121409999999, -92.0059679"
LA2014,GITANA BEAUTY SUPPLY & HAIR (LA2014),LA,"2014 JEWELLA AVE, SHREVPORT, LA71109",SHREVPORT,"32.49245420826269, -93.79790872111828"
LA2015,HAIR SAGA (LA2015),LA,"2015 RYAN ST, LAKE CHARLES, LA 70601",LAKE CHARLES,"30.2118118, -93.21804829999999"
LA2019,HAIR STAR BEAUTY SUPPLY (LA2019),LA,"2109 W UNIVERSITY AVE #2019, LAFAYETTE, LA 70506",LAFAYETTE,"30.23169699999999, -92.0330352"
LA2020,ELEGANCE BEAUTY SUPPLY (LA2020),LA,"2020 N CLAIBORNE AVE, NEW ORLEANS, LA 70116",NEW ORLEANS,"29.9729253, -90.0590654"
LA2029,YARA BEAUTY SUPPLY (LA2029),LA,"2029 WILLIAMS BLVD, KENNER, LA70962",KENNER,"29.99356809999999, -90.2423142"
LA209,JASMINES BEAUTY SUPPLY (LA209),LA,"209 HOSPITAL RD, NEW ROADS, LA 70760",NEW ROADS,"30.682167, -91.4640177"
LA211,LUXE BEAUTY SUPPLY (LA211),LA,"211 W WILLOW ST, LAFAYETTE, LA 70501",LAFAYETTE,"30.2436282, -92.015902"
LA2120,JEANINE BEAUTY SUPPLY INC (LA2120),LA,"2120 ONEAL LN, BATON ROGUE, LA70816",BATON ROGUE,"30.4378014, -91.00858029999999"
LA2122,QUEENS BEAUTY SUPPLY (LA2122),LA,"2122 S CLAIBORNE AVE, NEW ORLEANS, LA 70125",NEW ORLEANS,"29.9451135, -90.0891913"
LA213,FIVE STAR BEAUTY (LA213),LA,"213 NORTH SERVICE RD E, RUSTON, LA 71270",RUSTON,"32.5423329, -92.6354829"
LA2147,BEAUTY KINGDOM (LA2147),LA,"2147 S CLAIBORNE AVE STE A, NEW ORLEANS, LA 70125",NEW ORLEANS,"29.9457548, -90.0902704"
LA2152,HAIR QUEEN BEAUTY (LA2152),LA,"2152 S SHERWOOD FORST BLVD, BATON ROGUE, LA70816",BATON ROGUE,"30.4332012, -91.0586883"
LA2202,JASMINES BEAUTY SUPPLY (LA2202),LA,"2202 N SHERWOOD FOREST DR, BATON ROUGE, LA 70815",BATON ROUGE,"30.4683663, -91.0577727"
LA2216,BUY AND SAVE BEAUTY SUPPLY (LA2216),LA,"2216 MEMORIAL DR B, ALEXANDRIA, LA 71301",ALEXANDRIA,"31.2807025, -92.46080780000001"
LA2272,HAIR QUEEN BEAUTY (LA2272),LA,"2272 N FOSTER DR ST B, BATON ROUGE, LA 70806",BATON ROUGE,"30.4692024, -91.139534"
LA2309,DIAMOND BEAUTY LLC (LA2309),LA,"2309 MANHATTAN BLVD SUITE 2, HARVEY, LA70058",HARVEY,"29.8801095, -90.0506315"
LA234,BUY AND SAVE BEAUTY SUPPLY (LA234),LA,"234 BOLTON AVE, ALEXANDRIA, LA 71301",ALEXANDRIA,"31.3067546, -92.4581729"
LA2425,BROTHERS BEAUTY SUPPLY (LA2425),LA,"2425 WILLIAMS BLVD, KENNER, LA 70062",KENNER,"30.0035277, -90.2401207"
LA250,HAIR ZONE (LA250),LA,"250 MAIN ST, BAKER, LA 70714",BAKER,"30.5759244, -91.16790519999999"
LA2600,HAIR GALLERIA (LA2600),LA,"2600 WAGGONER AVE SUITE 208, SHREVEPORT, LA 71108",SHREVEPORT,"32.45441137820676, -93.77810258857377"
LA2612,DOLLAR MANIA (LA2612),LA,"2612 HOLLYWOOD AVE, SHREVPORT, LA 71108",SHREVPORT,"32.45710446491973, -93.77874998486409"
LA2716,HAIR PALACE BEAUTY SUPPLY (LA2716),LA,"2718 RODEO RD STE B, ABBEVILLE, LA70510",ABBEVILLE,"29.9758744, -92.10495"
LA2785,ROYAL PALACE WIG BOUTIQUE&SALON SUITES (LA2785),LA,"2785 BELLECHASE HWY, GRENTA, LA70056",GRENTA,"29.8824112, -90.0216258"
LA2925,DOLLAR MANIA (LA2925),LA,"2925 E TEXAS ST, BOSSIER CITY, LA 71111",BOSSIER CITY,"32.52915346761476, -93.70800950391649"
LA3000,BEAUTY TOWN (LA3000),LA,"3000D THIBAUT DR #C, DONALDSONVILLE, LA 70346",DONALDSONVILLE,"30.096155, -90.98325129999999"
LA301,FIVE STAR BEAUTY & GALLERY (LA301),LA,"301 STERLINGTON RD, MONROE, LA 71203",MONROE,"32.5250237, -92.0822948"
LA3038,J-LO BEAUTY SUPPLY (LA3038),LA,"3038 HOLIDAY DR, NEW ORLEANS, LA 70131",NEW ORLEANS,"29.921942, -90.0119682"
LA311,DIAMOND BEAUTY SUPPLY #3 (LA311),LA,"311 MACARTHUR DR, ALEXANDRIA, LA71301",ALEXANDRIA,"31.2987862, -92.4774549"
LA3124,GENA BEAUTY SUPPLY (LA3124),LA,"3124 LOYOLA DR, KENNER, LA 70065",KENNER,"30.01120179999999, -90.2659104"
LA3125,HOUSE OF BEAUTY (LA3125),LA,"3125 SAINT CLAUDE AVE #3, NEW ORLEANS, LA 70117",NEW ORLEANS,"29.9678389, -90.0434248"
LA3129,CORNER BEAUTY SUPPLY (LA3129),LA,"3129 GENTILLY BLVD, NEW ORLEANS, LA 70122",NEW ORLEANS,"29.9991844, -90.0600496"
LA3251,GENTLEMEN'S BARBERSHOP (LA3251),LA,"3251 MANHATTEN BLVD STE B2C, HARVEY, LA70058",HARVEY,"29.8616335, -90.0459351"
LA331,SEREEN BEAUTY SUPPLY (LA331),LA,"331 VETERANS MEMORIAL BLVD, NEW ORLEANS, LA 70062",NEW ORLEANS,"30.0048106, -90.2667357"
LA3423,ONE MINUTE SUPPLY (LA3423),LA,"3423 LOUISA ST, NEW ORLEANS, LA 70126",NEW ORLEANS,"29.9925971, -90.0345072"
LA3515,DOLLAR MANIA (LA3515),LA,"3515 JEWELLA AVE, SHREVPORT, LA 71109",SHREVPORT,"32.480227084640944, -93.79672854995523"
LA3611,INFINITE BEAUTY LAFAYETTE (LA3611),LA,"3611 AMBASSADOR CAFFERY PKWY, LAFAYETTE, LA 70503",LAFAYETTE,"30.1760563, -92.0695033"
LA3624,AVEDA HAIR & BEAUTY (LA3624),LA,"3624 GENERAL DE GAULLE DR, NEW ORLEANS, LA 70114",NEW ORLEANS,"29.924088, -90.018208"
LA3640,SEREEN BEAUTY SUPPLY (LA3640),LA,"3640 MACARTHUR BLVD, NEW ORLEANS, LA 70114",NEW ORLEANS,"29.9259598, -90.01898910000001"
LA3648,HAIR TALK (LA3648),LA,"3648 GENERAL DEGAULLE DR, NEW ORLEANS, LA70114",NEW ORLEANS,"29.9238064, -90.0177894"
LA3926,BEAUTY EXPRESS 2 (LA3926),LA,"3926 BARRON ST #C100, METAIRIE, LA70002",METAIRIE,"30.0021441, -90.1731865"
LA400,BEAUTY MASTER BEAUTY SUPPLY (LA400),LA,"400 LAPALCO BLVD, GRETNA, LA 70056",GRETNA,"29.8810652, -90.02878869999999"
LA4023,BEAUTY MASTER BEAUTY SUPPLY (LA4023),LA,"4023 BEHRMAN HWY, NEW ORLEANS, LA 70114",NEW ORLEANS,"29.9101683, -90.019832"
LA406,DIAMOND/EBONY BEAUTY SUPPLY (LA406),LA,"406 BOLTON AVE, ALEXANDRIA, LA 71301",ALEXANDRIA,"31.3061763, -92.4577103"
LA4301,MAC BEAUTY & HAIR STYLIST (LA4301),LA,"4301 LOUISA ST, NEW ORLEANS, LA 70126",NEW ORLEANS,"30.0060831, -90.03611579999999"
LA4314,SEREEN BEAUTY SUPPLY (LA4314),LA,"4314 DOWNMAN RD, NEW ORLEANS, LA 70126",NEW ORLEANS,"30.0138399, -90.0220837"
LA4373,JASMINES BEAUTY SUPPLY (LA4373),LA,"4373 FLORIDA BLVD, BATON ROGUE, LA 4373",BATON ROGUE,"30.4510056, -91.1447867"
LA4523,DIAMOND BEAUTY SUPPLY (LA4523),LA,"4523 LEE ST #3234, ALEXANDRIA, LA 71302",ALEXANDRIA,"31.2664025, -92.4448038"
LA462,DOLLAR MANIA (LA462),LA,"462 E 70TH ST, SHREVPORT, LA 71106",SHREVPORT,"32.44234289143861, -93.74910318857424"
LA4800,EYONCE BEAUTY SUPPLY (LA4800),LA,"4800 CHEF MENETEUR HWY, NEW ORLEANS, LA 70126",NEW ORLEANS,"30.0055722, -90.03287189999999"
LA4819,HOUSE OF BEAUTY (LA4819),LA,"4819 DOWNMAN RD, NEW ORLEANS, LA 70126",NEW ORLEANS,"30.0179298, -90.02143960000001"
LA4820,ALLURE BEAUTY SUPPLY (LA4820),LA,"4820 GENERAL MEYER AVE, NEW ORLEANS, LA 70131",NEW ORLEANS,"29.9330808, -90.0037522"
LA495,J-LO BEAUTY SUPPLY (LA495),LA,"495 VOTERS RD, SLIDELL, LA 70461",SLIDELL,"30.2551989, -89.7539116"
LA507,STEPPING UP BEAUTY SUPPLY (LA507),LA,"507 MARTIN LUTHER KING JUNIOR DRIVE, MONROE, LA 71203",MONROE,"32.514601, -92.0796799"
LA5236,SEREEN BEAUTY SUPPLY (LA5236),LA,"5236 LAPLACO BLVD, MARRERO, LA 70072",MARRERO,"29.8757945, -90.1056703"
LA5630,JASMINES BEAUTY SUPPLY (LA5630),LA,"5630 PLANK RD, BATON ROUGE, LA 70805",BATON ROUGE,"30.50106539999999, -91.15193359999999"
LA5703,TOWER BEAUTY SUPPLY (LA5703),LA,"5703 READ BLVD, NEW ORLEANS, LA 70127",NEW ORLEANS,"30.03404, -89.97359229999999"
LA5741,#1 BEAUTY SUPPLY WOMEN'S APPAREL (LA5741),LA,"5741 CROWDER BLVD, NEW ORLEANS, LA 70127",NEW ORLEANS,"30.0281414, -89.99141780000001"
LA5939,BEAUTY MASTER BEAUTY SUPPLY (LA5939),LA,"5939 LAPALCO BLVD, MARRERO, LA 70072",MARRERO,"29.8739286, -90.1101297"
LA5953,HAIR GALLERIA (LA5953),LA,"5953 PLANK RD, BATON ROUGE, LA 70805",BATON ROUGE,"30.5036166, -91.153483"
LA6003,BELLA HAIR & BEAUTY (LA6003),LA,"6003 BULLARD AVE, NEW ORLEANS, LA 70128",NEW ORLEANS,"30.0437765, -89.95707209999999"
LA61,SISTER'S BEAUTY SUPPLY (LA61),LA,"61 HOLMES BLVD SUITE A, TERRYTOWN, LA 70056",TERRYTOWN,"29.92058759999999, -90.0335494"
LA614,AMERICAN BEAUTY SUPPLY (LA614),LA,"614 ST MARY ST, THIBODAUX, LA 70301",THIBODAUX,"29.7969004, -90.8303052"
LA6180,DIVA HAIR & BEAUTY SUPPLY (LA6180),LA,"6180 AIRLINE HWY, BATON ROUGE, LA 70805",BATON ROUGE,"30.4984816, -91.12938059999999"
LA627,JENY'S HAIR AND BEAUTY (LA627),LA,"627 ACTON RD, MARKSVILLE, LA 71351",MARKSVILLE,"31.1170186, -92.0653325"
LA64,HAIR KINGDOM BEAUTY SUPERCENTER (LA64),LA,"64 WESTBANK EXPY, GRENTA, LA 70053",GRENTA,"29.9127908, -90.04838160000001"
LA6600,BEAUTY & BEYOND (LA6600),LA,"6600 FRANKLIN AVE, NEW ORLEANS, LA 70122",NEW ORLEANS,"30.0284214, -90.0544264"
LA6713,DOLLAR MANIA (LA6713),LA,"6713 PINES RD, SHREVPORT, LA 71129",SHREVPORT,"32.449194002056046, -93.86354350391962"
LA6880,NY STYLE #2 BEAUTY SUPPLY (LA6880),LA,"6880 W PARK AVE, HOUMA, LA 70364",HOUMA,"29.609528, -90.7441601"
LA702,PRINCESS BEAUTY SUPPLY (LA702),LA,"702 N LOBDELL HWY, PORT ALLEN, LA 70767",PORT ALLEN,"30.4564723, -91.2479553"
LA7028,PRINCESS BEAUTY SUPPLY (LA7028),LA,"7028 MICKENS RD, BATON ROUGE, LA 70811",BATON ROUGE,"30.5178818, -91.120538"
LA7040,HAIR KINGDOM BEAUTY-EAST (LA7040),LA,"7040 READ BLVD, NEW ORLEANS, LA 70127",NEW ORLEANS,"30.0390696, -89.977851"
LA7042,GENA BEAUTY SUPPLY (LA7042),LA,"7042 BULLARD AVE, NEW ORLEANS, LA 70128",NEW ORLEANS,"30.0481469, -89.9631539"
LA7045,READ BEAUTY SUPPLY (LA7045),LA,"7045 READ BLVD, NEW ORLEANS, LA 70127",NEW ORLEANS,"30.0395728, -89.97722590000001"
LA70461,TOP TIER BEAUTY SUPPLY (LA70461),LA,"4040 PONTCHARTRAIN DR, SLIDELL, LA70461",SLIDELL,"30.2480321, -89.79253159999999"
LA719,BEAUTY EXPO (LA719),LA,"719 LESSARD ST, DONALDSONVILLE, LA 70346",DONALDSONVILLE,"30.0992478, -90.9898927"
LA725,OAKDALE BEAUTY SUPPLY (LA725),LA,"725 US-165, OAKDALE, LA 71463",OAKDALE,"30.8002292, -92.6735539"
LA7344,JASMINES BEAUTY SUPPLY (LA7344),LA,"7344 AIRLINE HWY, BATON ROUGE, LA 70805",BATON ROUGE,"30.4802845, -91.11608629999999"
LA7500,ALL PLUS DEPOT (LA7500),LA,"7500 BULLARD AVE, NEW ORLEANS, LA 70128",NEW ORLEANS,"30.0510821, -89.9669823"
LA758,DOLLAR MANIA (LA758),LA,"758 SHREVEPORT BARKSDALE HWY, SHREVEPORT, LA 71105",SHREVEPORT,"32.4807552, -93.7156603"
LA758,SUPREME BEAUTY 8 INC,LA,"758 SHREVPORT BARKSDALE HWY, SHREVPORT, LA 71105",SHREVEPORT,"32.4807552, -93.7156603"
LA7939,MIAMI BEAUTY SUPPLY (LA7939),LA,"7939 CHEF MENTEUR HWY, NEW ORLEANS, LA 70126",NEW ORLEANS,"30.01356029999999, -89.9932652"
LA7979,HAIR QUEEN BEAUTY SUPERCENTER (LA7979),LA,"7979 FLORIDA BLVD, BATON ROUGE, LA 70806",BATON ROUGE,"30.4532408, -91.1060778"
LA801,BROTHERS BEAUTY SUPPLY (LA801),LA,"801 BEHRMAN HWY SUITE 101, TERRYTOWN, LA 70056",TERRYTOWN,"29.8941962, -90.0188924"
LA806,FOR HER BEAUTY SUPPLY (LA806),LA,"806 SW RAILROAD AVE, HAMMOND, LA 70403",HAMMOND,"30.4967442, -90.4597088"
LA809,EBONI BEAUTY & HAIR (LA809),LA,"809 BEHRMAN HWY SUITE 101, TERRYTOWN, LA 70056",TERRYTOWN,"29.8933489, -90.0187118"
LA8244,OPRAH BEAUTY SUPPLY (LA8244),LA,"8244 S CLAIBORNE AVE, NEW ORLEANS, LA 70118",NEW ORLEANS,"29.9570688, -90.12250829999999"
LA827,OP BEAUTY SUPPLY (LA827),LA,"827 CRESWELL LN, OPELOUSAS, LA 70570",OPELOUSAS,"30.5205998, -92.0758991"
LA845,BEAUTY & BEYOND BEAUTY SUPPLY (LA845),LA,"845 HIGHWAY 90 EAST, MORGAN CITY, LA 70380",MORGAN CITY,"29.6819705, -91.2724243"
LA8998,LOVE'S BEAUTY SUPPLY (LA8998),LA,"8998 WESTBANK EXPY, WESTWEGO, LA 70094",WESTWEGO,"29.9069891, -90.1595153"
LA923,ROYAL BEAUTY SUPPLY (LA923),LA,"923 E LASALLE ST, VILLE PLATTE, LA 70586",VILLE PLATTE,"30.686159, -92.26016880000002"
LA924,H&S BEAUTY SUPPLY (LA924),LA,"924 JACKSON ST. ,THIBODAUX, LA70301",HIBODAUX,"29.79120279999999, -90.82310559999999"
LA9290,JASMINES BEAUTY SUPPLY (LA9290),LA,"9290 GREENWELL SPRINGS RD, BATON ROUGE, LA 70814",BATON ROUGE,"30.4842494, -91.0866987"
LA931,HAIR SAGA (LA931),LA,"931 THIRD AVENUE, LAKE CHARLES, LA 70601",LAKE CHARLES,"30.2242886, -93.1954629"
LA942,LUMOISTY LLC (LA942),LA,"942 CANDLER AVE, SHREVEPORT, LA71107",SHREVEPORT,"32.5710846, -93.7887207"
LA9620,HAIR GALLERIA BEAUTY SUPPLY (LA9620),LA,"9620 FLORIDA BLVD, BATON ROUGE, LA 70815",BATON ROUGE,"30.4537964, -91.08017149999999"
LA9673,CRYSTAL BEAUTY SUPPLY (LA9673),LA,"9673 CHEF MENTEUR HWY, NEW ORLEANS, LA 70127",NEW ORLEANS,"30.01882729999999, -89.9730532"
LA9820,BEAUTY & MORE NOLA (LA9820),LA,"9820 LAKE FOREST BLVD, NEW ORLEANS, LA 70127",NEW ORLEANS,"30.0295449, -89.9785409"
LA9945,LUNA'S BEAUTY SUPPLY (LA9945),LA,"9945 AIRLINE HWY SUITE F, BATON ROUGE, LA 70816",BATON ROUGE,"30.4288536, -91.07778850000001"
MD668,SUPER BEAUTY,MD,"6304 CENTRAL AVE, SEAT PLEASANT, MD 20743",SEAT PLEASANT,
MD669,SUPER BEAUTY,MD,"7778B LANDOVER RD, HYATTSVILLE, MD 20785",SEAT PLEASANT,
MD670,THE HAIR DEPOT ONE LLC,MD,"7780 MARLBORO PIKE, FORESTVILLE, MD20747",SEAT PLEASANT,
MI56,Beauty central (MI35150,MI,35150 central city pkwy,Westland,
MI57,Jin wig & beauty supply (MI19045),MI,19045 middlebelt rd,Livonia,
MI58,Sapphire beauty supply (MI13939),MI,13939 livernois ave,Detroit,
MI60,M & A BEAUTY SUPPLY (MI3717),MI,3717 Fenton rd,Flint,
MI730,BEAUTY PLUS,MI,"20240 SEVEN MILE W, DETROIT, MI48219",DETROIT,
MI734,Kay beauty supply (MI7746),MI,7746 Wyoming ave,Dearborn,
MI735,Crown jewel beauty supply (MI27155),MI,27155 greenfield rd,Southfield,
MI736,Colosseum beauty supply (MI26439),MI,26439 Hoover rd,Warren,
MI773,Unique fashion & beauty (MI744),MI,744 N westnedge ave,Kalmazoo,
MI780,Hairland beauty supply (MI19851),MI,19851 W Warren Ave,Detroit,
MO163,HOLLYWOOD BEAUTY SUPPLY 1 (MO1500#1),MO,"1500 KINGSHIGHWAY BLV, ST. LOUIS, MO 63116",SAINT LOUIS,
MO164,HOLLYWOOD BEAUTY SUPPLY 2,MO,"11905 NEW HALLS FERRY RD, FLOISSANT, MO 63116",SAINT LOUIS,
MO166,HOLLYWOOD BEAUTY SUPPLY 7 (MO3562#1),MO,"3562 GUSTINE AVE, ST. LOUIS, MO 63116",SAINT LOUIS,
MO167,PARADISE BEAUTY 1,MO,"5800 GOODFELLOW BLVD, ST. LOUIS, MO 63147",SAINT LOUIS,
MO168,PARADISE BEAUTY 2,MO,"9897 HALLS FERRY RD, ST. LOUIS, MO 63136",SAINT LOUIS,
MO169,PARADISE BEAUTY 3,MO,"3858 DR MARTIN LUTHER KING DR, ST. LOUIS, MO 63113",SAINT LOUIS,
MO170,PARADISE BEAUTY 4,MO,"3671 S GRAND BLVD, ST. LOUIS, MO 63118",SAINT LOUIS,
MO171,PARADISE BEAUTY 5,MO,"11125 BELLEFONTAINE RD, ST. LOUIS, MO 63138",SAINT LOUIS,
MO172,PRINCESS BEAUTY SUPPLY,MO,"9855 EDGEFIELD DR, ST. LOUIS, MO 63136",SAINT LOUIS,
MO173,PRINCESS BEAUTY SUPPLY&FASHION,MO,"6141 NATURAL BRIDGE AVE, ST. LOUIS, MO 63120",SAINT LOUIS,
MO174,EMPIRE BEAUTY,MO,"10000 W FLORISSANT AVE, ST. LOUIS, MO63136",SAINT LOUIS,
MO175,EMPIRE BEAUTY,MO,"5790 LUCAS AND HUNT RD, ST. LOUIS, MO 63136",SAINT LOUIS,
MO176,ORANGE BEAUTY & MORE,MO,"4956 DELAR BLVD, ST. LOUIS, MO 63108",SAINT LOUIS,
MO177,ORANGE BEAUTY & MORE,MO,"6800 NATURAL BRIDGE RD, ST. LOUIS, MO 63121",SAINT LOUIS,
MO178,OPRAH BEAUTY,MO,"7661 N LINDBERGH BLVD, HAZELWOOD, MO 63042",SAINT LOUIS,
MO179,ROYAL BEAUTY,MO,"2304 N HWY 67, FLORISSANT, MO 63033",SAINT LOUIS,
MO180,FANCY BEAUTY SUPPLY,MO,"9745 ST CHARLES ROCK RD, ST. LOUIS, MO 63114",SAINT LOUIS,
MO181,A & A BEAUTY SUPPLY St Louis,MO,"2614 S JEFFERSON AVE, ST. LOUIS, MO 63118",SAINT LOUIS,
MO182,KAY BEAUTY SUPPLY,MO,"8624 NATURAL BRIDGE RD, ST. LOUIS, MO63121",SAINT LOUIS,
MO183,PRINCE BEAUTY SUPPLY (MO7007#1),MO,"7007 PAGE AVE, ST. LOUIS, MO 63133",SAINT LOUIS,
MO184,I & A BEAUTY,MO,"6205 DR MARTIN LUTHER KING DR, ST. LOUIS, MO 63133",SAINT LOUIS,
MO185,BEAUTY ICON,MO,"3106 PROSPECT AVE, KANSAS CITY, MO 64128",KANSAS CITY,
MO186,BLOOM BEAUTY,MO,"7811 TROOST AVE, KANSAS CITY, MO 64131",KANSAS CITY,
MO52,Hollywood beauty supply (MO7733#2),MO,7733 Olive blvd,University city,
MO53,Hollywood beauty supply 5 (MO3562#2),MO,3562 gustine ave,Saint Louis,
MO54,Hollywood beauty supply 1 (MO1500#2),MO,1500 N kingshighway,Saint Louis,
MO55,Icon beauty,MO,11977 Saint Charles rock rd,Bridgeton,
MO69,Hair galleria (MO10940),MO,10940 New halls ferry rd,Saint Louis,
MO70,Icon beauty 2 (MO7751),MO,7751 N Lindbergh blvd,Hazelwood,
MS199,HAIR GALLERY AND BEAUTY SUPPLY,MS,"502 E CANAL ST, PICAYUNE, MS 39466",PICAYUNE,
MS200,MOON BEAUTY SUPPLY,MS,"144 PARKWAY PLAZA, KOSCIUSKO, MS 39090",KOSCIUSKO,
MS201,CARTHAGE BEAUTY SUPPLY,MS,"308 MS-16, CARTHAGE, MS 39051",CARTHAGE,
MS202,FOREST BEAUTY SUPPLY,MS,"1019 HIGHWAY 35 S, FOREST, MS 39074",FOREST,
MS203,QUEEN BEAUTY SUPPLY PHILADELPHIA,MS,"530 MAIN ST, PHILADELPHIA, MS 39350",PHILADELPHIA,
MS204,PHILLY HAIR & BEAUTY,MS,"220 LINE AVE, PHILADELPHIA, MS 39350",PHILADELPHIA,
MS205,HAIR QUEEN BEAUTY SUPPLY,MS,"2800 8TH ST, MERIDIAN, MS 39301",MERIDIAN,
MS206,C T BEAUTY SUPPLY,MS,"1600 MS-15 N, LAUREL, MS 39440",LAUREL,
MS207,BEAUTY ZONE BEAUTY SUPPLY,MS,"200 CLINTON BLVD, CLINTON, MS 39056",CLINTON,
MS208,BEAUTY FIRST BEAUTY SUPPLY,MS,"2609 LINCOLN RD, HATTIESBURG, MS 39402",HATTIESBURG,
MS209,BEAUTY LAND BEAUTY SUPPLY,MS,"710 BARTUR ST, HATTIESBURG, MS 39401",HATTIESBURG,
MS210,BEAUTY & COMPANY,MS,"215 BROADWAY DR #30, HATTIESBURG, MS 39401",HATTIESBURG,
MS211,BEAUTY SQUAD,MS,"5912 US 49 A3, HATTIESBURG, MS 39401",HATTIESBURG,
MS212,2 IN 1 CONNECTIONS,MS,"313 W CENTRAL AVE, WEGGINS, MS 39577",WEGGINS,
MS213,2 IN 1 CONNECTIONS (MS313#1),MS,"6800 HWY 45 SOUTH WESTPOINT, MS39773",WEST POINT,
MS214,MORTON HAIR STORE LLC,MS,"22 W SECOND AVE, MORTON, MS39117",MORTON,
MS215,HAIR AND BEAUTY SUPPLY,MS,"303 DECATUR ST, NEWTON, MS39345",NEWTON,
MS216,BEAUTY ZONE & 88C STORE,MS,"1211 DELAWARE AVE, MCCOMB, MS 39648",MACCOB,
MS217,MC BEAUTY,MS,"1351 E PASS RD, GULFPORT, MS 39507",GULFPORT,
MS218,A&Z BEAUTY & MORE,MS,"130 TRADE CENTER LN, HAZLEHURST, MS 39083",HAZLEHURST,
MS219,BEAUTY ZONE & 88C STORE,MS,"1211 ELLIS AVE, JACKSON, MS 39209",JACKSON,
MS220,SAM'S HAIR & BEAUTY SUPPLY,MS,"4328 N STATE ST, JACKSON, MS 39206",JACKSON,
MS221,BEAUTY STAR & MORE,MS,"829 COOPER RD, JACKSON, MS 39212",JACKSON,
MS222,BEAUTY ZONE,MS,"2424 BAILEY AVE, JACKSON, MS 39213",JACKSON,
MS223,HAIR PLUS BEAUTY SUPPLY,MS,"265 MEADOWBROOK RD, JACKSON, MS 39206",JACKSON,
MS224,BEAUTY STAR & MORE,MS,"516 NAKOMA DR, JACKSON, MS 39206",JACKSON,
MS225,BEAUTY ZONE BEAUTY SUPPLY,MS,"6540 OLD CANTON RD, RIDGELAND, MS 39157",JACKSON,
MS226,BEAUTY STAR & MORE,MS,"865 S PEAR ORCHARD RD, RIDGELAND, MS 39157",JACKSON,
MS227,BEAUTY STAR & MORE,MS,3153 MEDGAR EVERS BLVD,JACKSON,
MS228,UNIFORMS AND MORE,MS,835 COOPER RD,JACKSON,
MS229,BEAUTY STAR PEARL,MS,"235 LONNIE T JENKINS DR, PEARL, MS 39208",JACKSON,
MS230,HAIR GALLERIA,MS,1700 TERRY RD,JACKSON,
MS231,BEAUTY STAR & MORE,MS,3225 MEDGAR EVERS BLVD,JACKSON,
MS232,Sun Beauty Supply,MS,2914 TERRY RD,JACKSON,
MS233,SUN BEAUTY SUPPLY,MS,"2106 RAYMOND RD SUITE C, JACKSON, MS39212",JACKSON,
MS234,FURNITURE & BEAUTY EXPRESS,MS,"636 E PEACE ST, CANTON, MS 39046",CANTON,
MS235,BEAUTY MART,MS,"414 W PEACE ST, CANTON, MS 39046",CANTON,
MS236,MCKENZIES'S BEAUTY SUPPLY,MS,"5 PEMBERTON PL, VICKSBURG, MS 39180",VICKSBURG,
MS237,MCKENZIES'S HAIR STORE,MS,"1514 WASHINGTON ST, VICKSBURG, MS 39180",VICKSBURG,
MS238,BEAUTY ZONE,MS,"1800 CLAY ST, VICKSBURG, MS 39183",VICKSBURG,
MS239,SUPER A-Z HAIR & BEAUTY,MS,"633 HWY 1 S, GREENVILLE, MS 38701",GREENVILLE,
MS240,EMPIRE HAIR & BEAUTY SUPPLY,MS,"2107 US-82, GREENVILLE, MS 38703",GREENVILLE,
MS241,MC BEAUTY STARKVILLE,MS,"821 MS-12, STARKVILLE, MS 39759",STARKVILLE,
MS242,A-Z BEAUTY SUPPLY,MS,"211 US-82, INDIANOLA, MS 38751",INDIANOLA,
MS243,MC BEAUTY,MS,"1690 CRESCENT MEADOW DR, HOLLY SPRINGS, MS 38635",HOLLY SPRINGS,
MS244,BEAUTY ZONE BEAUTY SUPPLY,MS,"1200 JERRY CLOWER BLVD N, YAZOO CITY, MS 39194",YAZOO,
MS245,LA BEAUTY SUPPLY,MS,"216 COURT SQ, LEXINGTON, MS 39095",LEXINGTON,
MS246,MC BEAUTY,MS,"1215 SUNSET DR, GRENADA, MS 38901",GRENADA,
MS247,BEAUTY TOWN,MS,"261 DEVEREUX DR #10A, NATCHEZ, MS 39120",NATCHEZ,
MS248,2N1 CONNECTIONS,MS,"6800 US-45 ALT, WEST POINT, MS 39773",COLUMBUS,
MS249,2N1 BEAUTY & CONNECT,MS,618 Alabama St,Columbus,
NC1017,HAIRCASA BEAUTY SUPPLY,NC,"1017 N SPENCE AVE, GOLDSBORO, NC27534",GOLDSBORO,"35.3882395, -77.9490587"
NC1030,LEENA BEAUTY SUPPLY,NC,"1030 N ROGERS LN STE#147, RALEIGH, NC 27610",RALEIGH,"35.7864644, -78.5463458"
NC1030,Lena’s beauty supply (NC1030),NC,1030 N Roger’s Ln,Raleigh,"35.7864644, -78.5463458"
NC1033,Baly beauty supply (NC1033),NC,1033 Randolph st,Thomasville,"35.2235941, -80.8247192"
NC1232,EGO BEAUTY SUPPLY,NC,"1232 WAUGHTOWN ST, WINSTON-SALEM, NC 27107",WINSTON-SALEM,"36.0685173, -80.2124801"
NC127,A BEAUTY SUPPLY,NC,"127 N FAIRVIEW RD, ROCKY MOUNT, NC 27801",ROCKY MOUNT,"35.9312101, -77.7723249"
NC1310,SEREEN BEAUTY SUPPLY,NC,"1310 CAROLINA AVE, WASHINGTON, NC 27889",GREENSVILLE,"35.5588605, -77.06098039999999"
NC1401,BEAUTY LAND 2,NC,"1401 E RALEIGH BLVD, ROCKY MOUNT, NC 27804",ROCKY MOUNT,"35.9328299, -77.8121575"
NC1419,ZAINA BEAUTY SUPPLY,NC,"1419 E FRANKLIN BLVD, GASTONIA, NC 28054",GASTONIA,"35.2617323, -81.1553859"
NC1431,BEAUTY LAND,NC,"1431 E CONE BLVD, GREENSBORO, NC 27405",GREENSBORO,"36.1129779, -79.7627311"
NC1497,EGO BEAUTY SUPPLY,NC,"1497 NEW WALKERTOWN RD, WINSTON-SALEM, NC 27101",WINSTON-SALEM,"36.1033034, -80.2263367"
NC1631,SEREEN BEAUTY SUPPLY,NC,"1631 GREENVILLE BLVD SE, GREENVILLE, NC 27858",GREENSVILLE,"35.5912529, -77.3454848"
NC1677,BLACK STAR BEAUTY SUPPLY 2,NC,"1677 WESTCHESTER DR #140, HIGH POINT, NC 27262",HIGH POINT,"35.9496286, -80.03084830000002"
NC1910,BEAUTY GIANT,NC,"1910 PAMALEE, FAYETTEVILLE, NC 28301",FAYETTEVILLE,"35.0868185, -78.9306149"
NC201,IMAN PROFESSIONAL BEAUTY SUPPLY,NC,"201 W ARROWOOD RD, CHARLOTTE, NC 28217",CHARLOTTE,"35.1585489, -80.8767351"
NC216,DANIA BEAUTY SUPPLY,NC,"216 FOREST HILLS DR, GARNER, NC 27529",GARNER,"35.7076123, -78.62283579999999"
NC2201,QUEENS BEAUTY SUPPLY,NC,"2201 ST. ANDREW ST, TARBORO, NC 27886",ROCKY MOUNT,"35.9137183, -77.5420134"
NC2210,MAD FLAVORS BEAUTY SUPPLIES,NC,"2210 STATESVILLE BLVD, SALISBURY, NC 28147",KANNAPOLIS&CONCORD,"35.6946772, -80.5057081"
NC2308,BEAUTY WORLD SUPPLY,NC,"2308 S MEMORIAL DR, GREENVILLE, NC 27834",GREENSVILLE,"35.5974349, -77.39582229999999"
NC239,DIVA BEAUTY SUPPLY HUMAN HAIR&WIG,NC,"239 S GRAHAM HOPEDALE RD, BURLINGTON, NC 27217",BURLINGTON,"36.0941541, -79.4066239"
NC2431,HAIR DEPOT 6,NC,"2431 SPRING FOREST RD, RALEIGH, NC 27615",RALEIGH,"35.8596761, -78.596959"
NC2508,HOLLYWOOD HAIR & BEAUTY,NC,"2508 LITTLE ROCK RD, CHARLOTTE, NC 28214",CHARLOTTE,"35.2553472, -80.9408503"
NC2512,ADORIA BEAUTY CENTERS,NC,"2512 S MEMORIAL DR, GREENVILLE, NC 27834",GREENSVILLE,"35.5937572, -77.39662249999999"
NC2536,BEAUTY & US SUPPLY,NC,"2536 ONSLOW DR, JACKSONVILLE, NC 28540",JACKSONVILLE,"34.7581229, -77.4124837"
NC2549,HAIR DEPOT BEAUTY CENTER,NC,"2549 W FRANKLIN BLVD, GASTONIA, NC 28052",GASTONIA,"35.2569545, -81.2270557"
NC2605,Hair city beauty supply (NC2605),NC,2605 E elm st,Goldsboro,"35.368006, -77.95759009999999"
NC2724,PREMIER HAIR & BEAUTY,NC,"2724 BRAGG BLVD, FAYETTEVILLE, NC28303",FAYETTEVILLE,"35.0738629, -78.9251482"
NC2850,BLACK STAR BEAUTY SUPPLY,NC,"2850 S MAIN ST #106, HIGH POINT, NC 27263",HIGH POINT,"35.95711, -80.00574000000002"
NC2924,EZ HAIR BEAUTY SUPPLY,NC,"2924 W GATE CITY BLVD, GREENSBORO, NC 27403",GREENSBORO,"36.0500248, -79.83537070000001"
NC3015,HAIR DEPOT,NC,"3015 WAUGHTOWN ST#110, WINSTON-SALEM,NC27107",WINSTON-SALEM,"36.0786716, -80.18096709999999"
NC3029,CHIC LADY,NC,"3029 MARKET ST, WILMINGTON, NC 28403",WILMINGTON,"34.241098, -77.8995689"
NC3205,BEAUTY GIANT,NC,"3205 S HOLDEN RD, GREENSBORO, NC 27407",GREENSBORO,"36.0419202, -79.850277"
NC3215,FANCY BEAUTY SUPPLY,NC,"3215 TEYLORSVILLE HWY, STATESVILLE, NC28625",STATESVILLE,"35.7967138, -80.9401464"
NC3467,BEAUTY DEPOT,NC,"3467 AIRPORT BLVD, SUITE D, WILSON, NC27896",WILSON,"35.7651832, -77.9489092"
NC3583,BEAUTY LAND,NC,"3583 MAITLAND DR, RALEIGH, NC 27610",RALEIGH,"35.7966751, -78.5820485"
NC3600,DUKE BEAUTY SUPPLY,NC,"3600 N DUKE ST #14, DURHAM, NC 27704",DURHAM,"36.0490948, -78.9040704"
NC3709,UNIQUE HAIR & BEAUTY SUPPLY,NC,"3709 N CHURCH SST, GREENSBORO, NC 27405",GREENSBORO,"36.132013, -79.789813"
NC3716,HOLLYWOOD HAIR & BEAUTY,NC,"3716 W W.T.HARRIS BLVD SUITE B, CHARLOTTE, NC 28269",CHARLOTTE,"35.3348111, -80.794444"
NC3716,LAVISH BEAUTY SUPPLY,NC,"3716 RAMSEY ST, FAYETTEVILLE, NC 28311",FAYETTEVILLE,"35.1105942, -78.87873479999999"
NC4000,NEW BEAUTY,NC,"4000 WARD BLVD, WILSON, NC 27893",WILSON,"35.7366867, -77.9033015"
NC4616,TWINS BEAUTY SUPPLY,NC,"4616 W MARKET ST, GREENSBORO, NC 27407",GREENSBORO,"36.0714242, -79.8634721"
NC4623,BEAUTY LAND,NC,"4623 HIGH POINT RD B, GREENSBORO, NC 27407",GREENSBORO,"36.036662, -79.851949"
NC513,DUKES BEAUTY SUPPLY,NC,"513 E ASH ST, GOLDSBORO, NC 27530",GOLDSBORO,"35.3837537, -77.9878956"
NC5383,EGO BEAUTY SUPPLY,NC,"5383 SHATTALON DR, WINSTON-SALEM, NC 27106",WINSTON-SALEM,"36.1727275, -80.30340410000001"
NC5555,ZENA BEAUTY SUPPLY,NC,"5555 W MARKET ST, GREENSBORO, NC 27409",GREENSBORO,"36.0760876, -79.8927219"
NC5563,DIVA BEAUTY SUPPLY,NC,"5563 WESTERN BLVD, RALEIGH, NC 27606",RALEIGH,"35.7839612, -78.7203754"
NC567,ULTRA BEAUTY SUPPLY,NC,"567 E NEW HOPE RD, GOLDSBORO, NC 27534",GOLDSBORO,"35.3864423, -77.9033785"
NC675,HOLLYWOOD BEAUTY SUPPLY,NC,"675 PETERS CREEK PKWY, WINSTON-SALEM, NC 27103",WINSTON-SALEM,"36.0823052, -80.2565458"
NC7945,THE BEAUTY DEPOT,NC,"7945 LYLES LN NW, CONCORD, NC 28027",KANNAPOLIS&CONCORD,"35.3657339, -80.7141011"
NC796,Hair depot (NC3525),NC,3525 s memorial dr,Greenville,
NC797,The beauty district (NC1800),NC,1800 skibo rd,Fayetteville,
NC798,Sereen beauty supply (NC1709),NC,1709 Red Robin ln,New Bern,
NC810,BREAM BEAUTY & TOBACCO,NC,"810 HARBOUR W DR, ROCKY MOUNT, NC 27803",ROCKY MOUNT,"35.9364172, -77.8278883"
NC814,QUEENS BEAUTY SUPPLY,NC,"814 WARD BLVD, WILSON, NC 27893",WILSON,"35.7166389, -77.9330267"
NC872,BEAUTY LAND,NC,"872 W RALEIGH BLVD, ROCKY MOUNT, NC 27803",ROCKY MOUNT,"35.9263178, -77.8175213"
NC907,BEAUTY LAND,NC,"907 N MIAMI BLVD, DURHAM, NC 27703",DURHAM,"35.9927342, -78.8692202"
NC914,BEAUTY GIANT,NC,"914 E GREEN DR, HIGH POINT, NC 27260",HIGH POINT,"35.9531909, -79.9829361"
NC925,BEAUTY LAND,NC,"925 WARD BLVD, WILSON, NC 27893",WILSON,"35.7262145, -77.9333902"
NC940,EZ HAIR BEAUTY,NC,"940 S CANNON BLVD, KANNAPOLIS, NC 28083",KANNAPOLIS&CONCORD,"35.4829189, -80.6129533"
SC10,GLAMOUR BEAUTY SUPPLY,NC,"10 SAMS POINT RD UNIT A1, BEAUFORT, SC 29902",BEAUFORT,"32.443907, -80.648215"
SC101,EMPIRE HAIR & BEAUTY SUPPLY,NC,"101 VERDAE BLVD #520, GREENVILLE, SC 29607",GREENVILLE,"34.8219133, -82.3395755"
SC103,GLAMOUR BEAUTY SUPPLY,NC,"103 SEA ISLAND PKWY, LADY'S ISLAND, SC 29907",LADY'S ISLAND,"32.4165955, -80.6558056"
SC1034,HAIR ZONE BEAUTY SUPPLY,NC,"NORTHSAIDE PLAZA SHOPPING CENTER, 1034 YORK ST NE, AIKEN, SC 29801",AIKEN,"33.5748774, -81.70308849999999"
SC10592,HAIR ZONE,NC,"10592 DUNBARTON BLVD, BARNWELL, SC 29812",BARNWELL,"33.2416757, -81.3827893"
SC106,HENRY&GINNY'S BEAUTY SUPPLY,NC,"106 W BROAD ST, HEMINGWAY, SC29554",HEMINGWAY,"33.7534179, -79.4479827"
SC113,5 STAR BEAUTY SUPPLY,NC,"113 COLLEGE PARK RD STE G, LADSON, SC 29456",LADSON,"33.0057723, -80.0878792"
SC117,KING'S BEAUTY SUPPLY,NC,"117 W BUTLER RD, MAULDIN, SC 29662",MAULDIN,"34.7767716, -82.3107847"
SC1316,HAIR ZONE BEAUTY SUPPLIES,NC,"1316 RED BANK RD, GOOSE CREEK, SC 29445",GOOSE CREEK,"32.9691224, -80.0111477"
SC1344,HAIR DEPOT,NC,"1344 BYPASS 25NE, GREENWOOD, SC29649",GREENWOOD,"34.2150571, -82.1511862"
SC142,HAIR ZONE BEAUTY SUPPLIES,NC,"142 ST JAMES AVE, GOOSE CREEK, SC 29445",GOOSE CREEK,"33.0028785, -80.04083589999999"
SC1508,EMPIRE BEAUTY,NC,"1508 ST MATTHEWS RD NE, ORANGEBURG, SC 29118",ORANGEBURG,"33.5136525, -80.8594534"
SC1600,HAIR DEPOT,NC,"1600 JOHN B WHITE SR BLVD STE 1010B, SPARTANBURG, SC 29301",SPARTANBURG,"34.928858, -81.9610065"
SC2000,UNIQUE BEAUTY SUPPLY,NC,"2000 MCMILLAN AVE, NORTH CHARLESTON, SC 29405",CHARLESTON,"32.8594785, -79.98043679999999"
SC2026,KING'S BEAUTY,NC,"2026 COLUMBIA RD, ORANGEBURG, SC 29118",ORANGEBURG,"33.5163614, -80.86434249999999"
SC2100,HAIR DEPOT,NC,"2100 WADE HAMPTON BLVD, GREENVILLE, SC 29615",GREENVILLE,"34.8844393, -82.3521399"
SC2127,GLAMOUR BEAUTY SUPPLY,NC,"2127 BOUNDARY ST, BEAUFORT, SC 29902",BEAUFORT,"32.443713, -80.6927302"
SC2150,DIVA BEAUTY SUPPLY,NC,"2150 NORTHWOODS BLVD K844, NORTH CHARLESTON, SC 29406",CHARLESTON,"32.9434158, -80.04395579999999"
SC217,YORK BEAUTY SUPPLY,NC,"217 S CONGRESS ST. STE B, YORK, SC29745",YORK,"34.9926442, -81.2422712"
SC2230,HAIR DEPOT,NC,"2230 DECKER BLVD SUITE A, COLUMBIA, SC 29206",COLUMBIA,"34.053511, -80.9466593"
SC2355,HAIR DEPOT,NC,"2355 BROAD RIVER RD, COLUMBIA, SC 29210",COLUMBIA,"34.0413645, -81.0974104"
SC2730,KING'S BEAUTY SUPPLY,NC,"2730 BROAD RIVER RD, COLUMBIA, SC 29210",COLUMBIA,"34.046083, -81.1009138"
SC280,BEAUTY SUPPLY & BEYOND,NC,"280 A S PIKE W, SUMTER, SC 29150",SUMTER,"33.9547373, -80.3728084"
SC324,HOUSE OF BEAUTY SUPPLY,NC,"324 N MAIN ST, BISHOPVILLE, SC 29010",BISHOPVILLE,"34.2225434, -80.2429615"
SC330,GLAMOUR BEAUTY SUPPLY,NC,"330 ROBERT SMALLS PKWY #15B, BEAUFORT, SC 29906",BEAUFORT,"32.4272902, -80.7301031"
SC3336,KING'S BEAUTY SUPPLY,NC,"3336 AUGUSTA RD #2150, GREENVILLE, SC 29605",GREENVILLE,"34.8067203, -82.37978939999999"
SC3421,BEAUTY MASTERS,NC,"3421 RIVERS AVE #101, NORTH CHARLESTON, SC 29405",CHARLESTON,"32.8643724, -79.988254"
SC361,NYC BEAUTY,NC,"361 BELLS HWY, WALTERBORO, SC 29488",WALTERBORO,"32.9238478, -80.6821318"
SC3728,98 Cents & Fashion,NC,"3728 Ashley phosphate Rd, NORTH CHARLESTON, SC29418",CHARLESTON,"32.937747, -80.0573983"
SC386,GLAMOUR BEAUTY SUPPLY,NC,"386 D MARK CUMMINGS RD #107, HARDEEVILLE, SC 29927",HARDEEVILLE,"32.3090235, -80.9756305"
SC429,KJ BEAUTY SUPPLY,NC,"429 BROOKS RD, ANDREWS, SC 29510",ANDREWS,"33.4484217, -79.55172329999999"
SC4391,J BEAUTY SUPPLY,NC,"4391 DORCHESTER RD, SUITE210, NORTH CHARLESTON, SC29405",CHARLESTON,"32.898283, -80.0750606"
SC458,UNIQUE BEAUTY SUPPLY,NC,"458 LEE ST, JOHNSTON, SC 29832",JOHNSTON,"33.8325628, -81.8019471"
SC506,Empire Beauty Supply,NC,"506 pearl st. , Darlington, SC29532",DARLINGTON,"34.299371, -79.87838479999999"
SC5101,HAIR DEPOT,NC,"5101 ASHLEY PHOSPHATE RD, CHARLESTON, SC 29418",CHARLESTON,"32.926747, -80.0795798"
SC619,HOLLYWOOD BEAUTY SUPPLY,NC,"619 HARRY C RAYSOR DR, ST MATTHEWS, SC29135",ORANGEBURG,"33.6604509, -80.7783978"
SC6432,KING'S BEAUTY SUPPLY,NC,"6432 TWO NOTCH RD, COLUMBIA, SC 29223",COLUMBIA,"34.057573, -80.9674635"
SC65,HAIR TOPIC,NC,"65 SYCAMORE AVE UNIT E,CHARLESTON, SC 29407",CHARLESTON,"32.7910885, -79.9894753"
SC7400,WIGS AND THINGS,NC,"7400 RIVERS AVE STE I, NORTH CHARLESTON, SC 29406",CHARLESTON,"32.925557, -80.0326485"
SC812,IT'S AMAZING BEAUTY SUPPLY,NC,"812 ELM ST E, HAMPTON, SC 29924",HAMPTON,"32.8586551, -81.0975907"
SC875,IMAN'S BEAUTY SUPPLY,NC,"875 ALBRIGHT RD SUITE 125, ROCK HILL, SC 29730",ROCK HILL,"34.908038, -81.0198003"
SC947,HAIR DEPOT,NC,"947 S IRBY ST, FLORENCE, SC 29501",FLORENCE,"34.1851032, -79.7673463"
SC969,BEAUTY A PLUS,NC,"969 SOUTH GOVERNOR WILLIAMS HWY, DARLINGTON, SC29532",DARLINGTON,"34.2835978, -79.8612057"
NY722,HAIR GALLERIA,NY,"1115 HUDSON AVE, ROCHESTER, NY 14621",ROCHESTER,
NY723,LAVISH BEAUTY SUPPLY,NY,"426 LYELL AVE, ROCHESTER, NY 14606",ROCHESTER,
NY724,MOON BEAUTY SUPPLY,NY,"853 UTICA AVE, BROOKLYN, NY11203",BROOKLYN,
NY725,LUX BEAUTY SUPPLY,NY,"101 E SENECA TURNPIKE, SYRACUSE, NY13205",SYRACUSE,
NY726,HAIR QUE,NY,"2245 DELAWARE AVE, BUFFALO, NY 14216",BUFFALO,
NY727,EVE HAIR & BEAUTY SUPPLY,NY,"427 TONAWANDA ST, BUFFALO, NY 14207",BUFFALO,
NY728,BEAUTY FEEL SUPPLY,NY,"110 E 170TH ST, BRONX, NY 10452",BRONX,
OH1,Longwood Plus,OH,13924 Union Avenue,Cleveland,
OH10,Diamond hair & beauty,OH,21915 Emery Road,Warrensville Heights,
OH11,One Beauty Supply,OH,11608 Buckeye Road,Cleveland,
OH12,George Hair & Beauty Supply,OH,6508 Harvard Avenue,Cleveland,
OH13,George hair & beauty supply Randall,OH,4779 Northfield Road,North Randall,
OH14,Model Beauty Supply,OH,3940 Mayfield Road,Cleveland Heights,
OH15,Malik's Beauty Supplies,OH,11012 Superior Avenue,Cleveland,
OH1554,Tony's hair and beauty supplies (OH1554),OH,1554 South Hawkins Avenue,Akron,"41.0668512, -81.57016639999999"
OH16,Stop One Hair Supplies,OH,11401 Miles Avenue,Cleveland,
OH17,Kiss Beauty Supply,OH,7919 Superior Avenue,Cleveland,
OH18,Unique Beauty Supply Kinsman Rd,OH,7511 Kinsman Road,Cleveland,
OH19,MAX BEAUTY SUPPLY,OH,14939 Saint Clair Avenue,Cleveland,
OH20,Hana's Beauty Supply,OH,4992 Turney Road,Garfield Heights,
OH21,Shaker Hair and Beauty Supply,OH,3898 Lee Road,Cleveland,
OH23,A & A Beauty Supply Akron,OH,1371 Copley Road,Akron,
OH24,A & A Beauty Supply,OH,873 East Exchange Street,Akron,
OH25,Unique Beauty Supply Gypsy Ln,OH,655 Gypsy Lane,Youngstown,
OH3212,NYC3 beauty supply (OH3212),OH,3212 Roosevelt blvd,Middletown,"39.50017, -84.3726896"
OH34,Impress Beauty Outlet,OH,3608 East Main Street,Whitehall,
OH3441,Mila beauty supply (OH3441),OH,3441 Warsaw ave,Cincinnati,"39.1099927, -84.56762599999999"
OH35,Divas Hair And Beauty,OH,6324 East Livingston Avenue,Reynoldsburg,
OH36,Adigo 99c beauty supply,OH,1218 South James Road,Columbus,
OH37,Dollar Plus Beauty Supplies,OH,1975 Cleveland Avenue,Columbus,
OH38,Infinity 99 Center Store,OH,3462 Cleveland Avenue,Columbus,
OH39,Infinity Plus Store & Hair Supplies,OH,1880 Parsons Avenue,Columbus,
OH4,Remy Touch Hair & Beauty Supply,OH,21149 Euclid Avenue,Euclid,
OH40,Princess Beauty & Hair Supply Dayton,OH,4199 North Main Street,Dayton,
OH41,Princess Beauty & Hair Supply,OH,5601 Old Troy Pike,Huber Heights,
OH42,Essence Beauty,OH,2856 Stelzer Road,Columbus,
OH44,Amazon Beauty Supply,OH,6521 Winton Road,Cincinnati,
OH45,The Hair Palace,OH,6700 Hamilton Avenue,North College Hill,
OH46,Hair News Beauty Supply,OH,5717 Glenway Avenue,Cincinnati,
OH47,Pandora Beauty Supply,OH,1934 Needmore Road,Dayton,
OH48,A&A BEAUTY SUPPLY,OH,108 12th Street Northwest,Canton,
OH49,Rock Star Fashion,OH,1881 Lockbourne Road,Columbus,
OH59,Hair Oasis,OH,3372 Monroe Street,Toledo,
OH6,Danny’s Hair & Beauty Supply Lakeshore,OH,207 East 228th Street,Euclid,
OH61,Hair World Canton,OH,125 12th Street Northwest,Canton,
OH62,High Klass Beauty Supply,OH,3478 Mayfield Road,Cleveland,
OH63,Sam’s Beauty World,OH,5164b Wilson Mills Road,Richmond Heights,
OH64,Luxe Beauty Supply outlet,OH,2226 Fairless Drive,Lorain,
OH65,Evergreen Market Building LLC,OH,915 South James Road,Columbus,
OH66,Hair saga,OH,4733 Salem Avenue,Trotwood,
OH678,Empire hair and Beauty West,OH,3279 West 117th Street,Cleveland,
OH679,Beauty Icon,OH,Broadway Avenue,Cleveland,
OH680,Beauty R Us,OH,14107 Kinsman Road,Cleveland,
OH681,Danny's Hair & Beauty Supply,OH,16404 Euclid Avenue,Cleveland,
OH682,Danny’s Hair & Beauty Garfield,OH,5675 Turney Road,Garfield Heights,
OH684,Empire Hair & Beauty Supply West 2,OH,7140 Denison Avenue,Cleveland,
OH691,Beauty connection (OH691),OH,691 Harrisburg pike,Columbus,"39.943191, -83.0395154"
OH691,United hair and beauty supply,OH,1008 East 152nd Street,Cleveland,
OH692,New York Hair & Beauty Supply,OH,438 Northfield Road,Bedford,
OH693,Beauty Plus,OH,599 East 125th Street,Cleveland,
OH696,Urban Diva Beauty Supply,OH,2765 East 55th Street,Cleveland,
OH703,Amani Beauty,OH,5810 Madison Road,Cincinnati,
OH707,Dollar Plus,OH,993 Mount Vernon Avenue,Columbus,
OH712,Hair & Beauty Depot,OH,1910 Brice Road,Reynoldsburg,
OH738,Danny’s Hair & Beauty (OH10740),OH,10740 Lorain Avenue,Cleveland,
OH739,Hair world Akron,OH,915 South Arlington Street,Akron,
OH740,Julia Wireless & Beauty Supplies,OH,1848 East Seymour Avenue,Cincinnati,
OH745,Hair world,OH,180 West Northern Avenue,Lima,
OH8,Andy's Hair and Beauty Supplies,OH,3584 East 116th Street,Cleveland,
OH8537,Jennah beauty supply (OH8537),OH,3537 Winton rd,Cincinnati,"39.2228873, -84.5190034"
OH9,Magic Hair & Beauty,OH,5301 Lee Road,Maple Heights,
PA10740,Hair World PA,PA,10740 Frankstown Road,Penn Hills Township,"40.4616813, -79.8404312"
PA1763,The Hair Depot PA,PA,1763 South Braddock Avenue,Pittsburgh,"40.4276474, -79.88580379999999"
PA2140,Elegant Beauty 1,PA,2140 Wylie Avenue,Pittsburgh,"40.4457047, -79.9773211"
PA220,Modern Hair Beauty Supply,PA,220 Brownsville Road,Mount Oliver,"40.4154472, -79.9876632"
PA533,Queen’s hair and beauty supplies,PA,533 East Ohio Street,Pittsburgh,"40.4535966, -79.99949389999999"
PA6113,Sky's the Limit Hair and Beauty Supply,PA,6113 Broad Street,Pittsburgh,"40.462011, -79.9225537"
PA723,Hair Land&fashion,PA,723 Penn Avenue,Pittsburgh,"40.4428801, -79.8860715"
SC1346,Hair depot (SC1346),SC,1346 bypass 72 NE,Greenwood,"34.2150571, -82.1511862"
SC2716,Blush beauty supply (SC2716),SC,2716 Anderson rd,Greenville,"34.8148109, -82.443708"
SC4950,Beauty master center ( SC4950),SC,4950 center pointe dr,North Charleston,"32.906963, -80.046367"
SC975,New York Beauty & Fashion,SC,975 BACONS BRIDGE RD UNIT 168,SUMMERVILLE,"32.9958552, -80.18569169999999"
TN1070,HAIR GALLERIA (TN1070),TN,"1070 E RAINES RD, MEMPHIS, TN 38116",MEMPHIS,"35.03616339778394, -90.02757175963148"
TN125,BEAUTY & STYLE (TN125),TN,"125 AIRWAYS BLVD, JACKSON, TN 38301",JACKSON,"35.61620559336648, -88.82514773447981"
TN1396,BEAUTY MASTER BEAUTY SUPPLY (TN1396),TN,"1396 E SHELBY DR, MEMPHIS, TN 381116",MEMPHIS,"35.02162150123184, -90.01742780566892"
TN1442,STAR BEAUTY (TN1442),TN,"1442 E CHESTER ST, JACKSON, TN 38301",JACKSON,"35.61165979401491, -88.79295488303394"
TN151,LUXURY BEAUTY SUPPLY,TN,"4749 HIGHWAY 58 SUITE A, TN-58, TN 37416",CHATTANOOGA,
TN152,BEAUTY TRENDZ,TN,"6940 LEE HWY #RR111, CHATTANOOGA, TN 37421",CHATTANOOGA,
TN1890,BEAUTY TRENDZ CORDOVA-BEAUTY SUPPLY (TN1890),TN,"1890 N GERMANTOWN PKWY, CORDOVA, TN 38016",CORDOVA,"35.17716633706966, -89.79193827918785"
TN2110,UNIVERSAL BEAUTY-2 (TN2110),TN,"2110 N HIGHLAND AVE, JACKSON, TN 38305",JACKSON,"35.65982623187922, -88.82752245960468"
TN2619,HAIR GLOBAL ANTIOCH (TN2619),TN,"2619 MURFREESBORO PIKE, NASHVILLE, TN 37217",NASHVILLE,"36.072366, -86.6381883"
TN3206,BEAUTY MASTER BEAUTY SUPPLY (TN3206),TN,"3206 S PERKINS RD, MEMPHIS, TN 38118",MEMPHIS,"35.061568911589006, -89.9050623461396"
TN3719,HAIR GLOBAL BEAUTY SUPPLY (TN3719),TN,"3719-B CLARKSVILLE PIKE, NASHVILLE, TN 37218",NASHVILLE,"36.198592310173204, -86.83952897568358"
TN5055,Hair Galleria (TN5055),TN,5055 Stage Rd,Memphis,"35.20672526180169, -89.8955294191518"
TN6645,BEAUTY TRENDZ SHELBY (TN6645),TN,"6645 E SHELBY DR, MEMPHIS, TN 38141",MEMPHIS,"35.02016741711502, -89.84178740381418"
TN7745,BEAUTY TRENDZ WINCHESTER-BEAUTY SUPPLY (TN7745),TN,"7745 WINCHESTER RD, MEMPHIS, TN38125",MEMPHIS,"35.04715529210459, -89.80543354428544"
TN782,Beauty and Company Perkins (TN2685),TN,2685 S Perkins Rd,Memphis,
TX1202,SAVE MORE BEAUTY SUPPLY (TX1202),TX,"1202 S HIGH ST, LONGVIEW, TX 75602",LONGVIEW,"32.47811729348395, -94.74235634624571"
TX1202,Save more beauty supply (TX1202),TX,1202 s high st,Longview,"32.47811729348395, -94.74235634624571"
TX13331,BEAUTY QUEEN HAIR & BEAUTY SUPPLY (TX13331),TX,"13331 KUYKENDAHL RD, HOUSTON, TX 77090",HOUSTON,"29.97881993056392, -95.43513574634052"
TX1514,DIAMOND BEAUTY SUPPLY (TX1514),TX,"1514 W PLEASANT RUN RD, LANCASTER, TX 75146",LANCASTER,"32.60397913656616, -96.78949291925906"
TX1702,SAVE MORE HAIR & BEAUTY (TX1702),TX,"1702 S SE LOOP 323, TYLER, TX 75701",TYLER,"32.33109541971618, -95.26502274625142"
TX19079,SUPREME HAIR AND BEAUTY MESQUITE (TX19079),TX,"19079 LYNDON B JOHNSON FWY, MESQUITE, TX 75150",MESQUITE,"32.79656210285045, -96.62857624252338"
TX2107,SAVE MORE BEAUTY SUPPLY (TX2107),TX,"2107 W GENTRY PKWY, TYLER, TX 75702",TYLER,"32.36618607749916, -95.32407666345047"
TX3330,BEAUTY & BEYOND (TX3330),TX,"3330 N GALLOWAY AVE, MESQUITE, TX 75150",MESQUITE,"32.81214174599064, -96.60891497321398"
TX3540,SUPREME HAIR & BEAUTY (TX3540),TX,"3540 ALTAMESA BLVD, FORT WORTH, TX 76133",FORT WORTH,"32.65193390633123, -97.36851767693001"
TX3753,THE HAIR DEPOT (TX3753),TX,"3753 W CAMP WISDOM RD, DALLAS, TX 75237",DALLAS,"32.66346625211689, -96.88101741740194"
TX4715,INFINITE BEAUTY (TX4715),TX,"4715 HWY 6 N, HOUSTON, TX 77084",HOUSTON,"29.844403761843587, -95.6472407426358"
TX6513,SUPREME HAIR & BEAUTY FORT WORTH (TX6513),TX,"6513 MEADOWBROOK DR, FORT WORTH, TX 76112",FORT WORTH,"32.74686612909047, -97.217499902053"
TX7150,BEAUTY SUPPLY (TX7150),TX,"7150 CHAUCER PL, DALLAS, TX 75237",DALLAS,"32.661546420282754, -96.86748809042044"
TX78,BEAUTY & BEYOND BEAUTY SUPPLY,TX,"3330 N GALLOWAY AVE UNIT 116, MESQUITE, TX 75150",DALLAS,
TX934,SUPREME HAIR & BEAUTY (TX934),TX,"934 E COPELAND RD STE 100, ARLINGTON, TX 76011",ARLINGTON,"32.75852558139447, -97.09528992806695"
VA1459,FABULOUS BEAUTY SUPPLY 2,VA,"1459 SOUTH BOSTON RD, DANVILLE, VA 24540",DANVILLE,"36.5810616, -79.3412455"
VA23,HAIR GALLERIA,VA,"23 NEWMARKET SQUARE, NEWPORT NEWS, VA 23605",NEW PORT NEWS,"37.0192646, -76.4396162"
VA2330,BEAUTY MASTER,VA,"2330 PORTSMOUTH BLVD, PORTSMOUTH, VA23704",PORTSMOUTH,"36.816921, -76.3278851"
VA3041,THE HAIR PALACE,VA,"3041 MECHANICSVILLE TPKE, RICHMOND, VA 23223",RICHMOND,"37.5670143, -77.40071259999999"
VA443,The hair palace south side (VA443),VA,443 e belt blvd,Richmond,"37.491334, -77.447545"
VA449,HAIR PALACE SOUTHDISE INC,VA,"449 E BELT BLVD STE F, RICHMOND, VA 23224",RICHMOND,"37.5044696, -77.4733011"
VA6537,LUX BEAUTY,VA,6537 COLLEGE PARK SQUARE,VIRGINIA BEACH,"36.8090375, -76.21721389999999"
VA9550,BEAUTY PALACE & SUPPLIES,VA,"9550 LIBERIA AVE, MANASSAS, VA 20110",MANASSAS,"38.7619392, -77.4601254"
WI2640,HAIR ZONE,WI,"2640 W FOND DU LAC AVE, MILWAUKEE, WI 53206",MILWAUKEE,"43.0673487, -87.94694"
