Client Number,Name,State,Address,City,"Longitude , Latitude"
TN2619,HAIR GLOBAL ANTIOCH (TN2619),TN,"2619 MURFREESBORO PIKE, NASHVILLE, TN 37217",NASHVILLE,"36.072366, -86.6381883"
TN3719,HAIR GLOBAL BEAUTY SUPPLY (TN3719),TN,"3719-B CLARKSVILLE PIKE, NASHVILLE, TN 37218",NASHVILLE,"36.198592310173204, -86.83952897568358"
TN1442,STAR BEAUTY (TN1442),TN,"1442 E CHESTER ST, JACKSON, TN 38301",JACKSON,"35.61165979401491, -88.79295488303394"
TN2110,UNIVERSAL BEAUTY-2 (TN2110),TN,"2110 N HIGHLAND AVE, JACKSON, TN 38305",JACKSON,"35.65982623187922, -88.82752245960468"
TN125,BEAUTY & STYLE (TN125),TN,"125 AIRWAYS BLVD, JACKSON, TN 38301",JACKSON,"35.61620559336648, -88.82514773447981"
TN1890,BEAUTY TRENDZ CORDOVA-BEAUTY SUPPLY (TN1890),TN,"1890 N GERMANTOWN PKWY, CORDOVA, TN 38016",CORDOVA,"35.17716633706966, -89.79193827918785"
TN7745,BEAUTY TRENDZ WINCHESTER-BEAUTY SUPPLY (TN7745),TN,"7745 WINCHESTER RD, MEMPHIS, TN38125",MEMPHIS,"35.04715529210459, -89.80543354428544"
TN6645,BEAUTY TRENDZ SHELBY (TN6645),TN,"6645 E SHELBY DR, MEMPHIS, TN 38141",MEMPHIS,"35.02016741711502, -89.84178740381418"
TN1396,BEAUTY MASTER BEAUTY SUPPLY (TN1396),TN,"1396 E SHELBY DR, MEMPHIS, TN 381116",MEMPHIS,"35.02162150123184, -90.01742780566892"
TN3206,BEAUTY MASTER BEAUTY SUPPLY (TN3206),TN,"3206 S PERKINS RD, MEMPHIS, TN 38118",MEMPHIS,"35.061568911589006, -89.9050623461396"
TN1070,HAIR GALLERIA (TN1070),TN,"1070 E RAINES RD, MEMPHIS, TN 38116",MEMPHIS,"35.03616339778394, -90.02757175963148"
TN5055,HAIR GALLERIA (TN5055),TN,"5055 STAGE RD, MEMPHIS, TN 38128",MEMPHIS,"35.20672526180169, -89.8955294191518"
AR101,BEAUTY TRENDZ WEST MEMPHIS- BEAUTY SUPPLY (AR101),AR,"101 DOVER RD, WEST MEMPHIS, AR 72301",WEST MEMPHIS,"35.16219336591441, -90.1853145326445"
AR7509 ,BEAUTY & BEYOND (AR7509) ,AR,"7509 CANTRELL RD #2, LITTLE ROCK, AR 72207",LITTLE ROCK,"34.77066046153567, -92.35661433080632"
AR6420,SUPREME HAIR & BEAUTY (AR6420),AR,"6420 COLONEL GLENN RD SUITE 1C, LITTLE ROCK, AR 72204",LITTLE ROCK,"34.71947273751799, -92.34849426149972"
AR8821,99 CENTS PLUS (AR8821),AR,"8709 GEYER SPRINGS RD, LITTLE ROCK, AR 72209",LITTLE ROCK,"34.67175983997331, -92.34284984615616"
AR1200,QUEEN HAIR & BEAUTY SUPPLIES (AR1200),AR,"1200 JOHN BARROW RD #107, LITTLE ROCK, AR 72205",LITTLE ROCK,"34.739185853025205, -92.37185100382607"
AR5917,SUPREME HAIR & BEAUTY 3 (AR5917),AR,"5917 BASELINE RD, LITTLE ROCK, AR 72209",LITTLE ROCK,"34.66881202453741, -92.34336956150183"
AR5411,BEAUTY MANIA & MORE (AR5411) ,AR,"5411 DOLLARWAY RD, PINE BLUFF, AR 71602",PINE BLUFF,"34.24561994098566, -92.06233367686515"
AR2612,BEAUTY MANIA BEAUTY SUPPLY (AR2612),AR,"2612 S OLIVE ST, PINE BLUFF, AR 71601",PINE BLUFF,"34.2025595401405, -92.00727904617575"
AR1600,BEAUTY MANIA BEAUTY SUPPLY (AR1600),AR,"1600 S LINDEN ST, PINE BLUFF, AR 71603",PINE BLUFF,"34.213185573281095, -92.01470758664773"
AR926,BUY AND SAVE HAIR & BEAUTY SUPPLY (AR926),AR,"926 N STATE LINE AVE, TEXARKANA, AR 71854",TEXARKANA,"33.43245569918077, -94.04270040202545"
TX3330,BEAUTY & BEYOND (TX3330),TX,"3330 N GALLOWAY AVE, MESQUITE, TX 75150",MESQUITE,"32.81214174599064, -96.60891497321398"
TX19079,SUPREME HAIR AND BEAUTY MESQUITE (TX19079),TX,"19079 LYNDON B JOHNSON FWY, MESQUITE, TX 75150",MESQUITE,"32.79656210285045, -96.62857624252338"
TX1514,DIAMOND BEAUTY SUPPLY (TX1514),TX,"1514 W PLEASANT RUN RD, LANCASTER, TX 75146",LANCASTER,"32.60397913656616, -96.78949291925906"
TX3753,THE HAIR DEPOT (TX3753),TX,"3753 W CAMP WISDOM RD, DALLAS, TX 75237",DALLAS,"32.66346625211689, -96.88101741740194"
TX7150,BEAUTY SUPPLY (TX7150),TX,"7150 CHAUCER PL, DALLAS, TX 75237",DALLAS,"32.661546420282754, -96.86748809042044"
TX934,SUPREME HAIR & BEAUTY (TX934),TX,"934 E COPELAND RD STE 100, ARLINGTON, TX 76011",ARLINGTON,"32.75852558139447, -97.09528992806695"
TX2107,SAVE MORE BEAUTY SUPPLY (TX2107) ,TX,"2107 W GENTRY PKWY, TYLER, TX 75702",TYLER,"32.36623138772216, -95.32396937508645"
TX1702,SAVE MORE HAIR & BEAUTY (TX1702),TX,"1702 S SE LOOP 323, TYLER, TX 75701",TYLER,"32.331131681959846, -95.26502274625142"
TX1202 ,SAVE MORE BEAUTY SUPPLY (TX1202),TX,"1202 S HIGH ST, LONGVIEW, TX 75602",LONGVIEW,"32.47811729348395, -94.74235634624571"
TX6513,SUPREME HAIR & BEAUTY FORT WORTH (TX6513),TX,"6513 MEADOWBROOK DR, FORT WORTH, TX 76112",FORT WORTH,"32.74686612909047, -97.217499902053"
TX3540,SUPREME HAIR & BEAUTY (TX3540),TX,"3540 ALTAMESA BLVD, FORT WORTH, TX 76133",FORT WORTH,"32.65193390633123, -97.36851767693001"
TX13331,BEAUTY QUEEN HAIR & BEAUTY SUPPLY (TX13331),TX,"13331 KUYKENDAHL RD, HOUSTON, TX 77090",HOUSTON,"29.97881993056392, -95.43513574634052"
TX2107,SAVE MORE BEAUTY SUPPLY (TX2107) ,TX,"2107 W GENTRY PKWY, TYLER, TX 75702",TYLER,"32.36618607749916, -95.32407666345047"
TX1702,SAVE MORE HAIR & BEAUTY (TX1702),TX,"1702 S SE LOOP 323, TYLER, TX 75701",TYLER,"32.33109541971618, -95.26502274625142"
TX4715,INFINITE BEAUTY (TX4715),TX,"4715 HWY 6 N, HOUSTON, TX 77084",HOUSTON,"29.844403761843587, -95.6472407426358"
LA1208,DOLLAR MANIA (LA1208),LA,"1208 HOMER RD, MINDEN, LA 71055",MINDEN,"32.62368956909631, -93.25256674623986"
LA2925,DOLLAR MANIA (LA2925),LA,"2925 E TEXAS ST, BOSSIER CITY, LA 71111",BOSSIER CITY,"32.52915346761476, -93.70800950391649"
LA1509,DOLLAR MANIA (LA1509),LA,"1509 E BERT KOUNS INDUSTRIAL LOOP, SHREVPORT, LA 71105",SHREVPORT,"32.42859507105062, -93.71643694995721"
LA6713,DOLLAR MANIA (LA6713),LA,"6713 PINES RD, SHREVPORT, LA 71129",SHREVPORT,"32.449194002056046, -93.86354350391962"
LA2612,DOLLAR MANIA (LA2612),LA,"2612 HOLLYWOOD AVE, SHREVPORT, LA 71108",SHREVPORT,"32.45710446491973, -93.77874998486409"
LA462,DOLLAR MANIA (LA462),LA,"462 E 70TH ST, SHREVPORT, LA 71106",SHREVPORT,"32.44234289143861, -93.74910318857424"
LA3515,DOLLAR MANIA (LA3515),LA,"3515 JEWELLA AVE, SHREVPORT, LA 71109",SHREVPORT,"32.480227084640944, -93.79672854995523"
LA758,SUPREME BEAUTY 8 INC (LA758),LA,"758 SHREVPORT BARKSDALE HWY, SHREVPORT, LA 71105",SHREVPORT,"32.4807552, -93.7156603"
LA1913,DOLLAR PLUS BEAUTY SUPPLY (LA1913),LA,"1913 N MARKET ST SUITE A, SHREVEPORT, LA 71107",SHREVEPORT,"32.54461610042146, -93.7782297057706"
LA2014,GITANA BEAUTY SUPPLY & HAIR (LA2014),LA,"2014 JEWELLA AVE, SHREVPORT, LA71109",SHREVPORT,"32.49245420826269, -93.79790872111828"
LA1103,HAIR EMPIRE (LA1103),LA,"1103 SHREVPORT BARKSDALE HWY, LA71105",SHREVPORT,"32.48473582701473, -93.70753508857263"
LA2600,HAIR GALLERIA (LA2600),LA,"2600 WAGGONER AVE SUITE 208, SHREVEPORT, LA 71108",SHREVEPORT,"32.45441137820676, -93.77810258857377"
LA942,LUMOISTY LLC (LA942),LA,"942 CANDLER AVE, SHREVEPORT, LA71107",SHREVEPORT,"32.5710846, -93.7887207"
LA507,STEPPING UP BEAUTY SUPPLY (LA507),LA,"507 MARTIN LUTHER KING JUNIOR DRIVE, MONROE, LA 71203",MONROE,"32.514601, -92.0796799"
LA301,FIVE STAR BEAUTY & GALLERY (LA301),LA,"301 STERLINGTON RD, MONROE, LA 71203",MONROE,"32.5250237, -92.0822948"
LA1313,HAIR GALLERIA (LA1313),LA,"1313 WINNSBORO ROAD, MONROE, LA 71202",MONROE,"32.4855066, -92.0900078"
LA213,FIVE STAR BEAUTY (LA213),LA,"213 NORTH SERVICE RD E, RUSTON, LA 71270",RUSTON,"32.5423329, -92.6354829"
LA495,J-LO BEAUTY SUPPLY (LA495),LA,"495 VOTERS RD, SLIDELL, LA 70461",SLIDELL,"30.2551989, -89.7539116"
LA199,BEAUTY & MORE SLIDELL (LA199),LA,"199 GAUSE BLVD W, SLIDELL, LA 70460",SLIDELL,"30.2874931, -89.7821372"
LA70461,TOP TIER BEAUTY SUPPLY (LA70461),LA,"4040 PONTCHARTRAIN DR, SLIDELL, LA70461",SLIDELL,"30.2480321, -89.79253159999999"
LA4314,SEREEN BEAUTY SUPPLY (LA4314),LA,"4314 DOWNMAN RD, NEW ORLEANS, LA 70126",NEW ORLEANS,"30.0138399, -90.0220837"
LA3640,SEREEN BEAUTY SUPPLY (LA3640),LA,"3640 MACARTHUR BLVD, NEW ORLEANS, LA 70114",NEW ORLEANS,"29.9259598, -90.01898910000001"
LA4819,HOUSE OF BEAUTY (LA4819),LA,"4819 DOWNMAN RD, NEW ORLEANS, LA 70126",NEW ORLEANS,"30.0179298, -90.02143960000001"
LA5741,#1 BEAUTY SUPPLY WOMEN'S APPAREL (LA5741),LA,"5741 CROWDER BLVD, NEW ORLEANS, LA 70127",NEW ORLEANS,"30.0281414, -89.99141780000001"
LA9820,BEAUTY & MORE NOLA (LA9820),LA,"9820 LAKE FOREST BLVD, NEW ORLEANS, LA 70127",NEW ORLEANS,"30.0295449, -89.9785409"
LA6003,BELLA HAIR & BEAUTY (LA6003),LA,"6003 BULLARD AVE, NEW ORLEANS, LA 70128",NEW ORLEANS,"30.0437765, -89.95707209999999"
LA7042,GENA BEAUTY SUPPLY (LA7042),LA,"7042 BULLARD AVE, NEW ORLEANS, LA 70128",NEW ORLEANS,"30.0481469, -89.9631539"
LA7045,READ BEAUTY SUPPLY (LA7045),LA,"7045 READ BLVD, NEW ORLEANS, LA 70127",NEW ORLEANS,"30.0395728, -89.97722590000001"
LA7040,HAIR KINGDOM BEAUTY-EAST (LA7040),LA,"7040 READ BLVD, NEW ORLEANS, LA 70127",NEW ORLEANS,"30.0390696, -89.977851"
LA9673,CRYSTAL BEAUTY SUPPLY (LA9673),LA,"9673 CHEF MENTEUR HWY, NEW ORLEANS, LA 70127",NEW ORLEANS,"30.01882729999999, -89.9730532"
LA7939,MIAMI BEAUTY SUPPLY (LA7939),LA,"7939 CHEF MENTEUR HWY, NEW ORLEANS, LA 70126",NEW ORLEANS,"30.01356029999999, -89.9932652"
LA2147,BEAUTY KINGDOM (LA2147),LA,"2147 S CLAIBORNE AVE STE A, NEW ORLEANS, LA 70125",NEW ORLEANS,"29.9457548, -90.0902704"
LA2122,QUEENS BEAUTY SUPPLY (LA2122),LA,"2122 S CLAIBORNE AVE, NEW ORLEANS, LA 70125",NEW ORLEANS,"29.9451135, -90.0891913"
LA8244,OPRAH BEAUTY SUPPLY (LA8244),LA,"8244 S CLAIBORNE AVE, NEW ORLEANS, LA 70118",NEW ORLEANS,"29.9570688, -90.12250829999999"
LA2425,BROTHERS BEAUTY SUPPLY (LA2425),LA,"2425 WILLIAMS BLVD, KENNER, LA 70062",KENNER,"30.0035277, -90.2401207"
LA400,BEAUTY MASTER BEAUTY SUPPLY (LA400),LA,"400 LAPALCO BLVD, GRETNA, LA 70056",GRETNA,"29.8810652, -90.02878869999999"
LA5939,BEAUTY MASTER BEAUTY SUPPLY (LA5939),LA,"5939 LAPALCO BLVD, MARRERO, LA 70072",MARRERO,"29.8739286, -90.1101297"
LA1166,MAX BEAUTY SUPPLY (LA1166),LA,"1166 TERRY PKWY, TERRYTOWN, LA 70056",TERRYTOWN,"29.8908616, -90.0315866"
LA809,EBONI BEAUTY & HAIR (LA809),LA,"809 BEHRMAN HWY SUITE 101, TERRYTOWN, LA 70056",TERRYTOWN,"29.8933489, -90.0187118"
LA801,BROTHERS BEAUTY SUPPLY (LA801),LA,"801 BEHRMAN HWY SUITE 101, TERRYTOWN, LA 70056",TERRYTOWN,"29.8941962, -90.0188924"
LA4023,BEAUTY MASTER BEAUTY SUPPLY (LA4023),LA,"4023 BEHRMAN HWY, NEW ORLEANS, LA 70114",NEW ORLEANS,"29.9101683, -90.019832"
LA3038,J-LO BEAUTY SUPPLY (LA3038),LA,"3038 HOLIDAY DR, NEW ORLEANS, LA 70131",NEW ORLEANS,"29.921942, -90.0119682"
LA4820,ALLURE BEAUTY SUPPLY (LA4820),LA,"4820 GENERAL MEYER AVE, NEW ORLEANS, LA 70131",NEW ORLEANS,"29.9330808, -90.0037522"
LA3624,AVEDA HAIR & BEAUTY (LA3624),LA,"3624 GENERAL DE GAULLE DR, NEW ORLEANS, LA 70114",NEW ORLEANS,"29.924088, -90.018208"
LA64,HAIR KINGDOM BEAUTY SUPERCENTER (LA64),LA,"64 WESTBANK EXPY, GRENTA, LA 70053",GRENTA,"29.9127908, -90.04838160000001"
LA61,SISTER'S BEAUTY SUPPLY (LA61),LA,"61 HOLMES BLVD SUITE A, TERRYTOWN, LA 70056",TERRYTOWN,"29.92058759999999, -90.0335494"
LA1452,BEAUTY & BEYOND (LA1452),LA,"1452 N BROAD ST, NEW ORLEANS, LA 70119",NEW ORLEANS,"29.9768313, -90.07708570000001"
LA2001,ST. BERNARD BEAUTY SUPPLY (LA2001),LA,"2001 ST BERNARD AVE, NEW ORLEANS, LA 70116",NEW ORLEANS,"29.9771105, -90.06780239999999"
LA2020,ELEGANCE BEAUTY SUPPLY (LA2020),LA,"2020 N CLAIBORNE AVE, NEW ORLEANS, LA 70116",NEW ORLEANS,"29.9729253, -90.0590654"
LA1603,MAC BEAUTY SUPPLY (LA1603),LA,"1603 FRANKLIN AVE, NEW ORLEANS, LA 70117",NEW ORLEANS,"29.9742705, -90.0481513"
LA3125,HOUSE OF BEAUTY (LA3125),LA,"3125 SAINT CLAUDE AVE #3, NEW ORLEANS, LA 70117",NEW ORLEANS,"29.9678389, -90.0434248"
LA3423,ONE MINUTE SUPPLY (LA3423),LA,"3423 LOUISA ST, NEW ORLEANS, LA 70126",NEW ORLEANS,"29.9925971, -90.0345072"
LA4301,MAC BEAUTY & HAIR STYLIST (LA4301),LA,"4301 LOUISA ST, NEW ORLEANS, LA 70126",NEW ORLEANS,"30.0060831, -90.03611579999999"
LA6600,BEAUTY & BEYOND (LA6600),LA,"6600 FRANKLIN AVE, NEW ORLEANS, LA 70122",NEW ORLEANS,"30.0284214, -90.0544264"
LA3124,GENA BEAUTY SUPPLY (LA3124),LA,"3124 LOYOLA DR, KENNER, LA 70065",KENNER,"30.01120179999999, -90.2659104"
LA331,SEREEN BEAUTY SUPPLY (LA331),LA,"331 VETERANS MEMORIAL BLVD, NEW ORLEANS, LA 70062",NEW ORLEANS,"30.0048106, -90.2667357"
LA8998,LOVE'S BEAUTY SUPPLY (LA8998),LA,"8998 WESTBANK EXPY, WESTWEGO, LA 70094",WESTWEGO,"29.9069891, -90.1595153"
LA1036,BEAUTY MART (LA1036),LA,"1036 WESTBANK EXPY, WESTEGO, LA 70094",WESTEGO,"29.8968868, -90.1428203"
LA5236,SEREEN BEAUTY SUPPLY (LA5236),LA,"5236 LAPLACO BLVD, MARRERO, LA 70072",MARRERO,"29.8757945, -90.1056703"
LA4800,EYONCE BEAUTY SUPPLY (LA4800),LA,"4800 CHEF MENETEUR HWY, NEW ORLEANS, LA 70126",NEW ORLEANS,"30.0055722, -90.03287189999999"
LA7500,ALL PLUS DEPOT (LA7500),LA,"7500 BULLARD AVE, NEW ORLEANS, LA 70128",NEW ORLEANS,"30.0510821, -89.9669823"
LA3129,CORNER BEAUTY SUPPLY (LA3129),LA,"3129 GENTILLY BLVD, NEW ORLEANS, LA 70122",NEW ORLEANS,"29.9991844, -90.0600496"
LA5703,TOWER BEAUTY SUPPLY (LA5703),LA,"5703 READ BLVD, NEW ORLEANS, LA 70127",NEW ORLEANS,"30.03404, -89.97359229999999"
LA3926,BEAUTY EXPRESS 2 (LA3926),LA,"3926 BARRON ST #C100, METAIRIE, LA70002",METAIRIE,"30.0021441, -90.1731865"
LA2309,DIAMOND BEAUTY LLC (LA2309),LA,"2309 MANHATTAN BLVD SUITE 2, HARVEY, LA70058",HARVEY,"29.8801095, -90.0506315"
LA3251,GENTLEMEN'S BARBERSHOP (LA3251),LA,"3251 MANHATTEN BLVD STE B2C, HARVEY, LA70058",HARVEY,"29.8616335, -90.0459351"
LA2785,ROYAL PALACE WIG BOUTIQUE&SALON SUITES (LA2785),LA,"2785 BELLECHASE HWY, GRENTA, LA70056",GRENTA,"29.8824112, -90.0216258"
LA2029,YARA BEAUTY SUPPLY (LA2029),LA,"2029 WILLIAMS BLVD, KENNER, LA70962",KENNER,"29.99356809999999, -90.2423142"
LA3648,HAIR TALK (LA3648),LA,"3648 GENERAL DEGAULLE DR, NEW ORLEANS, LA70114",NEW ORLEANS,"29.9238064, -90.0177894"
LA5953,HAIR GALLERIA (LA5953),LA,"5953 PLANK RD, BATON ROUGE, LA 70805",BATON ROUGE,"30.5036166, -91.153483"
LA9620,HAIR GALLERIA BEAUTY SUPPLY (LA9620),LA,"9620 FLORIDA BLVD, BATON ROUGE, LA 70815",BATON ROUGE,"30.4537964, -91.08017149999999"
LA12929,PRINCESS BEAUTY SUPPLY (LA12929),LA,"12929 COURSEY BLVD, BATON ROUGE, LA 70816",BATON ROUGE,"30.4104276, -91.03508889999999"
LA7028,PRINCESS BEAUTY SUPPLY (LA7028),LA,"7028 MICKENS RD, BATON ROUGE, LA 70811",BATON ROUGE,"30.5178818, -91.120538"
LA702,PRINCESS BEAUTY SUPPLY (LA702),LA,"702 N LOBDELL HWY, PORT ALLEN, LA 70767",PORT ALLEN,"30.4564723, -91.2479553"
LA7344,JASMINES BEAUTY SUPPLY (LA7344),LA,"7344 AIRLINE HWY, BATON ROUGE, LA 70805",BATON ROUGE,"30.4802845, -91.11608629999999"
LA2202,JASMINES BEAUTY SUPPLY (LA2202),LA,"2202 N SHERWOOD FOREST DR, BATON ROUGE, LA 70815",BATON ROUGE,"30.4683663, -91.0577727"
LA9945,LUNA'S BEAUTY SUPPLY (LA9945),LA,"9945 AIRLINE HWY SUITE F, BATON ROUGE, LA 70816",BATON ROUGE,"30.4288536, -91.07778850000001"
LA1555,JASMINES BEAUTY SUPPLY (LA1555),LA,"1555 GARDERE LN, BATON ROUGE, LA 70820",BATON ROUGE,"30.3558629, -91.1263181"
LA9290,JASMINES BEAUTY SUPPLY (LA9290),LA,"9290 GREENWELL SPRINGS RD, BATON ROUGE, LA 70814",BATON ROUGE,"30.4842494, -91.0866987"
LA5630,JASMINES BEAUTY SUPPLY (LA5630),LA,"5630 PLANK RD, BATON ROUGE, LA 70805",BATON ROUGE,"30.50106539999999, -91.15193359999999"
LA209,JASMINES BEAUTY SUPPLY (LA209),LA,"209 HOSPITAL RD, NEW ROADS, LA 70760",NEW ROADS,"30.682167, -91.4640177"
LA14400,HAIR ZONE (LA14400),LA,"14400 PLANK RD, BAKER, LA 70714",BAKER,"30.5775002, -91.1270502"
LA250,HAIR ZONE (LA250),LA,"250 MAIN ST, BAKER, LA 70714",BAKER,"30.5759244, -91.16790519999999"
LA7979,HAIR QUEEN BEAUTY SUPERCENTER (LA7979),LA,"7979 FLORIDA BLVD, BATON ROUGE, LA 70806",BATON ROUGE,"30.4532408, -91.1060778"
LA2272,HAIR QUEEN BEAUTY (LA2272),LA,"2272 N FOSTER DR ST B, BATON ROUGE, LA 70806",BATON ROUGE,"30.4692024, -91.139534"
LA6180,DIVA HAIR & BEAUTY SUPPLY (LA6180),LA,"6180 AIRLINE HWY, BATON ROUGE, LA 70805",BATON ROUGE,"30.4984816, -91.12938059999999"
LA11232,CINDY'S BEAUTY SUPPLIES (LA11232),LA,"11232 N HARRELLS FERRY RD, BATON ROUGE, LA 70816",BATON ROUGE,"30.4323777, -91.058665"
LA13787,JANNA'S BEAUTY SUPPLIES (LA13787),LA,"13787 OLD HAMMOND HWY, BATON ROUGE, LA 70816",BATON ROUGE,"30.44795199999999, -91.0317237"
LA4373,JASMINES BEAUTY SUPPLY (LA4373),LA,"4373 FLORIDA BLVD, BATON ROGUE, LA 4373",BATON ROGUE,"30.4510056, -91.1447867"
LA2120,JEANINE BEAUTY SUPPLY INC (LA2120),LA,"2120 ONEAL LN, BATON ROGUE, LA70816",BATON ROGUE,"30.4378014, -91.00858029999999"
LA2152,HAIR QUEEN BEAUTY (LA2152),LA,"2152 S SHERWOOD FORST BLVD, BATON ROGUE, LA70816",BATON ROGUE,"30.4332012, -91.0586883"
LA1010,NY STYLE (LA1010),LA,"1010 HONDURAS ST, HOUMA, LA 70360",HOUMA,"29.5897088, -90.7181332"
LA6880,NY STYLE #2 BEAUTY SUPPLY (LA6880),LA,"6880 W PARK AVE, HOUMA, LA 70364",HOUMA,"29.609528, -90.7441601"
LA1611,H&S BEAUTY SUPPLY (LA1611),LA,"1611 CANAL BLVD, THIBODAUX, LA 70301",THIBODAUX,"29.7812203, -90.8193754"
LA614,AMERICAN BEAUTY SUPPLY (LA614),LA,"614 ST MARY ST, THIBODAUX, LA 70301",THIBODAUX,"29.7969004, -90.8303052"
LA924,H&S BEAUTY SUPPLY (LA924),LA,"924 JACKSON ST. ,THIBODAUX, LA70301",HIBODAUX,"29.79120279999999, -90.82310559999999"
LA1507,BEAUTY MART (LA1507),LA,"1507 W AIRLINE HWY, LAPLACE, LA 70068",LAPLACE,"30.07200439999999, -90.4954934"
LA1036,LAPLACE BEAUTY MARKET (LA1036),LA,"1036 W AIRLINE HWY #111, LAPLACE, LA 70068",LAPLACE,"30.0711775, -90.4870694"
LA1466,OPRAH BEAUTY SUPPLY (LA1466),LA,"1466 W AIRLINE HWY, LAPLACE, LA 70068",LAPLACE,"30.0738831, -90.495192"
LA1717,OPRAH BEAUTY SUPPLY (LA1717),LA,"1717 W AIRLINE HWY, LAPLACE, LA 70068",LAPLACE,"30.07176669999999, -90.4985059"
LA103,BEAUTY & BEYOND (LA103),LA,"103 LOUISIANA AVE, LAFAYETTE, LA 70501",LAFAYETTE,"30.2249525, -92.0101037"
LA1215,IMAN'S BEAUTY SUPPLY (LA1215),LA,"1215 NW EVANGELINE THRUWAY, LAFAYETTE, LA 70501",LAFAYETTE,"30.2379099, -92.01448169999999"
LA2001,IMAN BEAUTY SUPPLY 2 (LA2001),LA,"2001 MOSS ST, LAFAYETTE, LA 70501",LAFAYETTE,"30.25121409999999, -92.0059679"
LA3611,INFINITE BEAUTY LAFAYETTE (LA3611),LA,"3611 AMBASSADOR CAFFERY PKWY, LAFAYETTE, LA 70503",LAFAYETTE,"30.1760563, -92.0695033"
LA211,LUXE BEAUTY SUPPLY (LA211),LA,"211 W WILLOW ST, LAFAYETTE, LA 70501",LAFAYETTE,"30.2436282, -92.015902"
LA2019,HAIR STAR BEAUTY SUPPLY (LA2019),LA,"2109 W UNIVERSITY AVE #2019, LAFAYETTE, LA 70506",LAFAYETTE,"30.23169699999999, -92.0330352"
LA2716,HAIR PALACE BEAUTY SUPPLY (LA2716),LA,"2718 RODEO RD STE B, ABBEVILLE, LA70510",ABBEVILLE,"29.9758744, -92.10495"
LA4523,DIAMOND BEAUTY SUPPLY (LA4523),LA,"4523 LEE ST #3234, ALEXANDRIA, LA 71302",ALEXANDRIA,"31.2664025, -92.4448038"
LA406,DIAMOND/EBONY BEAUTY SUPPLY (LA406),LA,"406 BOLTON AVE, ALEXANDRIA, LA 71301",ALEXANDRIA,"31.3061763, -92.4577103"
LA311,DIAMOND BEAUTY SUPPLY #3 (LA311),LA,"311 MACARTHUR DR, ALEXANDRIA, LA71301",ALEXANDRIA,"31.2987862, -92.4774549"
LA2216,BUY AND SAVE BEAUTY SUPPLY (LA2216),LA,"2216 MEMORIAL DR B, ALEXANDRIA, LA 71301",ALEXANDRIA,"31.2807025, -92.46080780000001"
LA234,BUY AND SAVE BEAUTY SUPPLY (LA234),LA,"234 BOLTON AVE, ALEXANDRIA, LA 71301",ALEXANDRIA,"31.3067546, -92.4581729"
LA627,JENY'S HAIR AND BEAUTY (LA627),LA,"627 ACTON RD, MARKSVILLE, LA 71351",MARKSVILLE,"31.1170186, -92.0653325"
LA725,OAKDALE BEAUTY SUPPLY (LA725),LA,"725 US-165, OAKDALE, LA 71463",OAKDALE,"30.8002292, -92.6735539"
LA2015,HAIR SAGA (LA2015),LA,"2015 RYAN ST, LAKE CHARLES, LA 70601",LAKE CHARLES,"30.2118118, -93.21804829999999"
LA931,HAIR SAGA (LA931),LA,"931 THIRD AVENUE, LAKE CHARLES, LA 70601",LAKE CHARLES,"30.2242886, -93.1954629"
LA1833,BUY & SAVE HAIR & BEAUTY SUPPLY (LA1833),LA,"1833 GERSTNER MEMORIAL DR, LAKE CHARLES, LA 70601",LAKE CHARLES,"30.2151248, -93.179305"
LA1005,BUY & SAVE BROAD ST. (LA1005),LA,"1005 BROAD ST, LAKE CHARLES, LA 70601",LAKE CHARLES,"30.22801, -93.2067732"
LA1726,JABERS BEAUTY (LA1726),LA,"1726 N AIRLINE HWY, GONZALES, LA 70737",GONZALES,"30.2480914, -90.9217297"
LA719,BEAUTY EXPO (LA719),LA,"719 LESSARD ST, DONALDSONVILLE, LA 70346",DONALDSONVILLE,"30.0992478, -90.9898927"
LA3000,BEAUTY TOWN (LA3000),LA,"3000D THIBAUT DR #C, DONALDSONVILLE, LA 70346",DONALDSONVILLE,"30.096155, -90.98325129999999"
LA806,FOR HER BEAUTY SUPPLY (LA806),LA,"806 SW RAILROAD AVE, HAMMOND, LA 70403",HAMMOND,"30.4967442, -90.4597088"
LA1102,INFINITE BEAUTY (LA1102),LA,"1102 E ADMIRAL DOYLE DR, NEW IBERIA, LA 70560",NEW IBERIA,"29.9838552, -91.82107339999999"
LA1620,IBERIA HAIR AND BEAUTY SUPPLY (LA1620),LA,"1620 S HOPKINS ST, NEW IBERIA, LA 70560",NEW IBERIA,"30.0019452, -91.8416062"
LA1880,ALL STAR BEAUTY SUPPLY (LA1880),LA,"1880 REES ST SUITE 103-A, BREAUX BRIDGE, LA 70517",BREAUX BRIDGE,"30.2905951, -91.910943"
LA1510,IBERIA HAIR & BEAUTY SUPPLY (LA1510),LA,"1510 CENER ST. ,NEW IBERIA, LA70560",EW IBERIA,"30.0019452, -91.8416062"
LA845,BEAUTY & BEYOND BEAUTY SUPPLY (LA845),LA,"845 HIGHWAY 90 EAST, MORGAN CITY, LA 70380",MORGAN CITY,"29.6819705, -91.2724243"
LA827,OP BEAUTY SUPPLY (LA827),LA,"827 CRESWELL LN, OPELOUSAS, LA 70570",OPELOUSAS,"30.5205998, -92.0758991"
LA1223,INFINITE BEAUTY OPELOUSAS (LA1223),LA,"1223 HEATHER DR, OPELOUSAS, LA 70570",OPELOUSAS,"30.5095701, -92.07378880000002"
LA923,ROYAL BEAUTY SUPPLY (LA923),LA,"923 E LASALLE ST, VILLE PLATTE, LA 70586",VILLE PLATTE,"30.686159, -92.26016880000002"
LA758,DOLLAR MANIA (LA758),LA,"758 SHREVEPORT BARKSDALE HWY, SHREVEPORT, LA 71105",SHREVEPORT,"32.4807552, -93.7156603"
(LA925),MEGA DEALS HAIR AND MORE (LA925),LA,"925 BEHRMAN HWY STE 14, GRETNA, LA 70056",GRETNA,"29.8907033, -90.01809449999999"
AL2208,BEAUTY & BEYOND BEAUTY SUPPLY (AL2208),AL,"2208 HALLS MILL RD, MOBILE, AL 36606",MOBILE,"30.6620426, -88.0960235"
AL512,BEAUTY & BEYOND BEAUTY SUPPLY (AL512),AL,"512 S WILSON AVE, MOBILE, AL 36617",MOBILE,"30.7202349, -88.08349799999999"
AL7156,BEAUTY & BEYOND BEAUTY SUPPLY (AL7156),AL,"7156 AIRPORT BLVD, MOBILE, AL 36608",MOBILE,"30.6875119, -88.21051849999999"
AL4805,BEAUTY & BEYOND BEAUTY SUPPLY (AL4805),AL,"4805 MOFFETT RD, MOBILE, AL 36618",MOBILE,"30.7191819, -88.15387199999999"
AL4561,BEAUTY & BEOND (AL4561),AL,"4561 ST STEPHENS RD, EIGHT MILE, AL 36613",EIGHT MILE,"30.764044, -88.1293772"
AL4055,GORGEOUS SUPPLY (AL4055),AL,"4055 COTTAGE HILL RD #107C, MOBILE, AL36609",MOBILE,"30.6512103, -88.1470902"
AL1956,BEAUTY ISLAND BEAUTY SUPPLY (AL1956),AL,"1956 S UNIVERSITY BLVD, MOBILE, AL 36609",MOBILE,"30.6491143, -88.161766"
AL350,KSR HAIR & BEAUTY SUPPLY (AL350),AL,"350 N BROAD ST, MOBILE, AL36603",MOBILE,"30.6945114, -88.0553283"
AL28600,GIRLZ WITH CURLS BEAUTY BAR (AL28600),AL,"28600 US-98 SUIT H, DAPHNE, AL36526",DAPHNE,"30.6418183, -87.9116039"
AL2312,BEAUTY LAND (AL2312),AL,"2312 SAINT STEPHENS RD, MOBILE, AL36617",MOBILE,"30.7189897, -88.0823855"
AL7335,ONE STOP BEAUTY SUPPLY (AL7335),AL,"7335 AIRPORT BLVD SUITE E, MOBILE, AL36608",MOBILE,"30.6866031, -88.21473329999999"
AL1312,EAST BROAD BEAUTY SUPPLY (AL1312),AL,"1312 E BROAD ST. ,GADSDEN, AL35903",ADSDEN,"33.9970803, -85.98069079999999"
AL714,U&I BEAUTY SUPPLY (AL714),AL,"714 BATTLE ST E, TALLADEGA, AL35160",TALLADEGA,"33.437505, -86.08874949999999"
AL4107,BEAUTY & BEYOND BEAUTY SUPPLY (AL4107),AL,"4107 NORMAN BRIDGE RD, MONTGOMERY, AL 36105",MONTGOMERY,"32.324932, -86.29823800000001"
AL1762,BEAUTY & BEYOND BEAUTY SUPPLY (AL1762),AL,"2762 EASTERN BLVD, MONTGOMERY, AL 36117",MONTGOMERY,"32.3453728, -86.2258864"
AL2422,BEAUTY & BEYOND BEAUTY SUPPLY (AL2422),AL,"2422 E SOUTH BLVD, MONTGOMERY, AL 36116",MONTGOMERY,"32.3254534, -86.2588713"
AL5,BEAUTY & BEYOND BEAUTY SUPPLY (AL5),AL,"5 W FAIRVIEW AVE, MONTGOMERY, AL 36105",MONTGOMERY,"32.3503047, -86.30863409999999"
AL2775,BEAUTY & BEYOND BEAUTY SUPPLY (AL2775),AL,"2775 EASTERN BLVD, MONTGOMERY, AL 36117",MONTGOMERY,"32.3439304, -86.2217501"
AL606,BEAUTY & BEYOND BEAUTY SUPPLY (AL606),AL,"606 S MEMORIAL DR, PRATTVILLE, AL36067",PRATTVILLE,"32.4611797, -86.4513939"
AL3711E,THE HAIR DEPOT AL3711E (AL3711E),AL,"3711 EASTERN BLVD, MONTGOMERY, AL36116",MONTGOMERY,"32.3282607, -86.2314755"
AL3563,BEAUTY & BEYOND BEAUTY SUPPLY (AL3563),AL,"3563 AL-14, MILLBROOK, AL36054",MILLBROOK,"32.5161757, -86.3793441"
AL675,ALEX BEAUTY SUPPLY OXFORD AL (AL675),AL,"675 CREEKSIDE DR, OXFORD, AL 36203",OXFORD,"33.6158992, -85.8255743"
AL9092,BEAUTY TRENDZ ROEBUCK-BEAUTY SUPPLY (AL9092),AL,"9092 PARKWAY E, BIRMINGHAM, AL35206",BIRMINGHAM,"33.58556069999999, -86.70542050000002"
AL201,BEAUTY TRENDZ HOMEWOOD-BEAUTY SUPPLY (AL201),AL,"201 GREEN SPRINGS HWY,BIRMINGHAM, AL35209",IRMINGHAM,"33.4670401, -86.82219979999999"
AL1624,BEAUTY TRENDZ CRESTWOOD-BEAUTY SUPPLY (AL1624),AL,"1624 MONTCLAIR RD, BIRMINGHAM, AL35210",BIRMINGHAM,"33.5275751, -86.7227164"
AL5956,BEAUTY TRENDZ TRUSSVILLE-BEAUTY SUPPLY (AL5956),AL,"5956 CHALKVILLE MOUNTAIN RD, BIRMINGHAM, AL 35235",BIRMINGHAM,"33.6423801, -86.6230957"
AL7713,BEAUTY MASTERS INC (AL7713),AL,"7713 2ND AVE S, BIRMINGHAM, AL35206",BIRMINGHAM,"33.5596079, -86.72461469999999"
AL1433,BEAUTY MASTERS (AL1433),AL,"1433 WOODWARD RD #C, MIDFIELD, AL35228",MIDFIELD,"33.4615958, -86.9080487"
AL2121,BEAUTY EMPIRE (AL2121),AL,"2121 BESSEMER RD, BIRMINGHAM, AL35208",BIRMINGHAM,"33.4939533, -86.8800965"
AL136,BEAUTY MANIA (AL136),AL,"136 RIVER SQUARE PLAZA, HUEYTOWN, AL35023",HUEYTOWN,"33.4526543, -86.9844087"
AL349,BEAUTY MANIA (AL349),AL,"349 WALKER CHAPEL PLAZA, FULTONDALE, AL35068",FULTONDALE,"33.6111344, -86.7975998"
AL1627,BEAUTY MANIA (AL1627),AL,"1627 FORESTDALE BLVD, BIRMINGHAM, AL35214",BIRMINGHAM,"33.5698278, -86.89884169999999"
AL1112,HAIR & MORE (AL1112),AL,"1112 9TH AVE N, BESSEMER, AL 35020",BESSEMER,"33.3983327, -86.96796189999999"
AL425,PLATINUM BEAUTY (AL425),AL,"425 HUFFMAN RD, BIRMINGHAM, AL35215",BIRMINGHAM,"33.5936069, -86.6943419"
AL2338,PLATINUM BEAUTY (AL2338),AL,"2338 CENTER POINT PKWY, CENTER POINT, AL35215",CENTER POINT,"33.647747, -86.685204"
AL2115,SUPER PLATINUM BEAUTY (AL2115),AL,"2115 CENTER POINT PKWY, BIRMINGHAM, AL35215",BIRMINGHAM,"33.64099, -86.68306249999999"
AL2112,QUEEN'S BEAUTY (AL2112),AL,"2112 CENTER POINT PKWY, CENTER POINT, AL35215",CENTER POINT,"33.6406672, -86.6843208"
AL2246,BEAUTY AND BEYOND BEAUTY SUPPLY (AL2246),AL,"2246 PELHAM PKWY, PELHAM, AL 35124",PELHAM,"33.3331002, -86.7937348"
AL1615,BEAUTY & BEYOND BEAUTY SUPPLY (AL1615),AL,"1615 MONTGOMERY HWY, HOOVER, AL 35216",HOOVER,"33.3972477, -86.8049771"
AL1642,BEAUTY AND BEYOND GALLERIA (AL1642),AL,"1642 MONTGOMERY HWY, HOOVER, AL 35216",HOOVER,"33.3939642, -86.8071396"
AL1664,IMPERIAL HAIR & BEAUTY SUPPLY (AL1664),AL,"1664 MONTGOMERY HWY, BIRMINGHAM, AL 35216",BIRMINGHAM,"33.3925799, -86.8076047"
AL769,HAIR ON WHEELS HUEYTOWN (AL769),AL,"769 ALLISON-BONNETT DR, HUEYTOWN, AL 35061",HUEYTOWN,"33.4572189, -86.9586343"
AL4647,BEAUTY DIVA (AL4647),AL,"4647 US-280 UNIT Q, BIRMINGHAM, AL 35242",BIRMINGHAM,"33.4255783, -86.70146799999999"
AL1945,BEAUTY TRENDZ 5 POINTS INC (AL1945),AL,"1945 BESSEMER RD, BIRMINGHAM, AL35208",BIRMINGHAM,"33.4918801, -86.88265439999999"
AL1700,ROYALTY BEAUTY SUPPLY (AL1700),AL,"700 ACADEMY DR SUITE 120, BESSEMER, AL35022",BESSEMER,"33.358465, -86.99880499999999"
AL3300,DISCOUNT BEAUTY OUTLET (AL3300),AL,"3300 STILLMAN BLVD, TUSCALOOSA, AL35401",TUSCALOOSA,"33.2019961, -87.5794542"
AL3711,DISCOUNT BEAUTY OUTLET 2 (AL3711),AL,"3711 MCFARLAND BLVD E, TUSCALOOSA, AL 35405",TUSCALOOSA,"33.1746215, -87.5236431"
AL2711,BEAUTY & BEYOND BEAUTY SUPPLY (AL2711),AL,"2711 UNIVERSITY BLVD E, TUSCALOOSA, AL35401",TUSCALOOSA,"33.20567130000001, -87.5024861"
AL1519,BEAUTY & BEYOND BEAUTY SUPPLY (AL1519),AL,"1519 CULVER RD, TUSCALOOSA, AL35401",TUSCALOOSA,"33.1997387, -87.58998419999999"
AL3303,U SAVE BEAUTY OUTLET (AL3303),AL,"3201 STILLMAN BLVD, TUSCALOOSA, AL 35401",TUSCALOOSA,"33.2024207, -87.5777497"
AL1400,BEAUTY 4 LESS BEAUTY SUPPLY (AL1400),AL,"1400 MCFARLAND BLVD , NORTHPORT, AL35476",NORTHPORT,"33.2381118, -87.57058599999999"
AL4710,HAIR QUEEN #1 (AL4710),AL,"4710 UNIVERSITY DR L1, HUNTSVILLE, AL 35816",HUNTSVILLE,"34.7375413, -86.6479245"
AL2211,HAIR QUEEN #2 (AL2211),AL,"2211 UNIVERSITY DR NW, HUNTSVILLE, AL 35816",HUNTSVILLE,"34.7488487, -86.6012847"
AL5411,BEAUTY & BEYOND BEAUTY SUPPLY (AL5411),AL,"5411 ATLANTA HWY, MONTGOMERY, AL 36109",MONTGOMERY,"32.3829956, -86.2132949"
AL2585,BEAUTY & BEYOND BEAUTY SUPPLY (AL2585),AL,"2585 MADISON AVE, MONTGOMERY, AL 36107",MONTGOMERY,"32.3818028, -86.2732699"
AL2762,BEAUTY & BEYOND BEAUTY SUPPLY (AL2762),AL,"2762 EASTERN BLVD, MONTGOMERY, AL 36117",MONTGOMERY,"32.3453728, -86.2258864"
AL719,BEAUTY & BEYOND BEAUTY SUPPLY (AL719) ,AL,"719 SKYLAND E BLVD, TUSCALOOSA, AL 35405",TUSCALOOSA,"33.1673151, -87.5263145"
AL3006,HANAN BEAUTY SUPPLY (AL3006),AL,"3006 MCGEHEE RD, MONTGOMERY, AL 36111",MONTGOMERY,"32.3371227, -86.2603204"
AL4647,BEAUTY DIVA BEAUTY SUPPLY (AL4647),AL,"4647 US-280 UNIT Q, BIRMINGHAM, AL 35242",BIRMINGHAM,"33.4259974, -86.70158219999999"
AL3309,BEAUTY SECRET BEAUTY SUPPLY (AL3309),AL,"3309 LORNA RD #7, HOOVER, AL 35216",HOOVER,"33.3937045, -86.7963618"
AL2504,BEAUTY MASTERS BEAUTY SUPPLY (AL2504),AL,"2504 31ST AVE N, BIRMINGHAM, AL 35207",BIRMINGHAM,"33.5527099, -86.8196414"
AL1407,QUEEN HAIR BEAUTY SUPPLY (AL1407),AL,"1407 N MEMORIAL PKWY, HUNTSVILLE, AL 35810",HUNTSVILLE,"34.7488487, -86.6012847"
OH13924,Longwood Plus,OH,"Longwood Plus, 13924 Union Avenue, Cleveland, OH",Cleveland,"41.4640112, -81.5850379"
OH21149,Remy Touch Hair & Beauty Supply,OH,"Remy Touch Hair & Beauty Supply, 21149 Euclid Avenue, Euclid, OH",Euclid,"41.5701583, -81.5333567"
OH207,Danny’s Hair & Beauty Supply Lakeshore,OH,"Danny’s Hair & Beauty Supply Lakeshore, 207 East 228th Street, Euclid, OH",Euclid,"41.6114822, -81.52186069999999"
OH3584,Andy's Hair and Beauty Supplies,OH,"Andy's Hair and Beauty Supplies, 3584 East 116th Street, Cleveland, OH",Cleveland,"41.4611469, -81.60325"
OH5301,Magic Hair & Beauty,OH,"Magic Hair & Beauty, 5301 Lee Road, Maple Heights, OH",Maple Heights,"41.4167093, -81.5655309"
OH21915,Diamond hair & beauty,OH,"Diamond hair & beauty, 21915 Emery Road, Warrensville Heights, OH",Warrensville Heights,"41.43557759999999, -81.52454379999999"
OH11608,One Beauty Supply,OH,"One Beauty Supply, 11608 Buckeye Road, Cleveland, OH",Cleveland,"41.480716, -81.60249499999999"
OH6508,George Hair & Beauty Supply,OH,"George Hair & Beauty Supply, 6508 Harvard Avenue, Cleveland, OH",Cleveland,"41.44739089999999, -81.6446292"
OH4779,George hair & beauty supply Randall,OH,"George hair & beauty supply Randall, 4779 Northfield Road, North Randall, OH",North Randall,"41.4279111, -81.52515269999999"
OH3940,Model Beauty Supply,OH,"Model Beauty Supply, 3940 Mayfield Road, Cleveland Heights, OH",Cleveland Heights,"41.52054589999999, -81.5385589"
OH11012,Malik's Beauty Supplies,OH,"Malik's Beauty Supplies, 11012 Superior Avenue, Cleveland, OH",Cleveland,"41.5221946, -81.6088329"
OH11401,Stop One Hair Supplies,OH,"Stop One Hair Supplies, 11401 Miles Avenue, Cleveland, OH",Cleveland,"41.4453148, -81.60393380000001"
OH7919,Kiss Beauty Supply,OH,"Kiss Beauty Supply, 7919 Superior Avenue, Cleveland, OH",Cleveland,"41.5203145, -81.6328831"
OH7511,Unique Beauty Supply Kinsman Rd,OH,"Unique Beauty Supply Kinsman Rd, 7511 Kinsman Road, Cleveland, OH",Cleveland,"41.4789936, -81.63598309999999"
OH14939,MAX BEAUTY SUPPLY,OH,"MAX BEAUTY SUPPLY, 14939 Saint Clair Avenue, Cleveland, OH",Cleveland,"41.5530844, -81.5772477"
OH4992,Hana's Beauty Supply,OH,"Hana's Beauty Supply, 4992 Turney Road, Garfield Heights, OH",Garfield Heights,"41.4244679, -81.61221599999999"
OH3898,Shaker Hair and Beauty Supply,OH,"Shaker Hair and Beauty Supply, 3898 Lee Road, Cleveland, OH",Cleveland,"41.4533079, -81.5652533"
OH1554,Tony's hair and beauty supplies (OH1554),OH,"Tony's hair and beauty supplies (OH1554), 1554 South Hawkins Avenue, Akron, OH",Akron,"41.0668512, -81.57016639999999"
OH1371,A & A Beauty Supply Akron,OH,"A & A Beauty Supply Akron, 1371 Copley Road, Akron, OH",Akron,"41.0834669, -81.571553"
OH873,A & A Beauty Supply,OH,"A & A Beauty Supply, 873 East Exchange Street, Akron, OH",Akron,"41.071455, -81.49337039999999"
OH655,Unique Beauty Supply Gypsy Ln,OH,"Unique Beauty Supply Gypsy Ln, 655 Gypsy Lane, Cincinnati, OH",Cincinnati,"39.1031182, -84.5120196"
OH3608,Impress Beauty Outlet,OH,"Impress Beauty Outlet, 3608 East Main Street, Hilliard, OH",Hilliard,"39.9569513, -82.9020796"
OH6324,Divas Hair And Beauty,OH,"Divas Hair And Beauty, 6324 East Livingston Avenue, Reynoldsburg, OH",Reynoldsburg,"39.94317119999999, -82.8261113"
OH1218,Adigo 99c beauty supply,OH,"Adigo 99c beauty supply, 1218 South James Road, Columbus, OH",Columbus,"39.9461672, -82.9141119"
OH1975,Dollar Plus Beauty Supplies,OH,"Dollar Plus Beauty Supplies, 1975 Cleveland Avenue, Columbus, OH",Columbus,"40.006739, -82.9724313"
OH3462,Infinity 99 Center Store,OH,"Infinity 99 Center Store, 3462 Cleveland Avenue, Columbus, OH",Columbus,"40.0387844, -82.9607941"
OH1880,Infinity Plus Store & Hair Supplies,OH,"Infinity Plus Store & Hair Supplies, 1880 Parsons Avenue, Columbus, OH",Columbus,"39.9247188, -82.98415340000001"
OH4199,Princess Beauty & Hair Supply Dayton,OH,"Princess Beauty & Hair Supply Dayton, 4199 North Main Street, Dayton, OH",Dayton,"39.8035202, -84.2215264"
OH5601,Princess Beauty & Hair Supply,OH,"Princess Beauty & Hair Supply, 5601 Old Troy Pike, Huber Heights, OH",Huber Heights,"39.8355691, -84.1412867"
OH2856,Essence Beauty,OH,"Essence Beauty, 2856 Stelzer Road, Columbus, OH",Columbus,"40.0313314, -82.9084261"
OH6521,Amazon Beauty Supply,OH,"Amazon Beauty Supply, 6521 Winton Road, Cincinnati, OH",Cincinnati,"39.2021029, -84.5216164"
OH6700,The Hair Palace,OH,"The Hair Palace, 6700 Hamilton Avenue, Cincinnati, OH",Cincinnati,"39.2151203, -84.5482131"
OH5717,Hair News Beauty Supply,OH,"Hair News Beauty Supply, 5717 Glenway Avenue, Cincinnati, OH",Cincinnati,"39.1349738, -84.6128643"
OH1934,Pandora Beauty Supply,OH,"Pandora Beauty Supply, 1934 Needmore Road, Dayton, OH",Dayton,"39.8179501, -84.2004603"
OH108,A&A BEAUTY SUPPLY,OH,"A&A BEAUTY SUPPLY, 108 12th Street Northwest, Canton, OH",Canton,"40.8088968, -81.3724318"
OH1881,Rock Star Fashion,OH,"Rock Star Fashion, 1881 Lockbourne Road, Columbus, OH",Columbus,"39.9269046, -82.9654104"
OH3372,Hair Oasis,OH,"Hair Oasis, 3372 Monroe Street, Toledo, OH",Toledo,"41.6690376, -83.578756"
OH125,Hair World Canton,OH,"Hair World Canton, 125 12th Street Northwest, Sebring, OH",Sebring,"40.8093685, -81.3707999"
OH3478,High Klass Beauty Supply,OH,"High Klass Beauty Supply, 3478 Mayfield Road, Cleveland Heights, OH",Cleveland Heights,"41.5170326, -81.5505981"
OH5164,Sam’s Beauty World,OH,"Sam’s Beauty World, 5164b Wilson Mills Road, Mayfield Village, OH",Mayfield Village,"41.53883769999999, -81.4935795"
OH2226,Luxe Beauty Supply outlet,OH,"Luxe Beauty Supply outlet, 2226 Fairless Drive, Lorain, OH",Lorain,"41.4250808, -82.1178905"
OH915,Evergreen Market Building LLC,OH,"Evergreen Market Building LLC, 915 South James Road, Columbus, OH",Columbus,"39.9524413, -82.91604459999999"
OH4733,Hair saga,OH,"Hair saga, 4733 Salem Avenue, Dayton, OH",Dayton,"39.8134197, -84.2684007"
OH3279,Empire hair and Beauty West,OH,"Empire hair and Beauty West, 3279 West 117th Street, Cleveland, OH",Cleveland,"41.46296330000001, -81.768613"
OH6541,Beauty Icon,OH,"Beauty Icon, Broadway Avenue, Cleveland, OH",Cleveland,"41.4623279, -81.6438392"
OH14107,Beauty R Us,OH,"Beauty R Us, 14107 Kinsman Road, Cleveland, OH",Cleveland,"41.4647249, -81.58369800000001"
OH16404,Danny's Hair & Beauty Supply,OH,"Danny's Hair & Beauty Supply, 16404 Euclid Avenue, Cleveland, OH",Cleveland,"41.5462236, -81.56531030000001"
OH5675,Danny’s Hair & Beauty Garfield,OH,"Danny’s Hair & Beauty Garfield, 5675 Turney Road, Garfield Heights, OH",Garfield Heights,"41.4089895, -81.59960939999999"
OH7140,Empire Hair & Beauty Supply West 2,OH,"Empire Hair & Beauty Supply West 2, 7140 Denison Avenue, Cleveland, OH",Cleveland,"41.4625286, -81.73737849999999"
OH1008,United hair and beauty supply,OH,"United hair and beauty supply, 1008 East 152nd Street, Cleveland, OH",Cleveland,"41.5515212, -81.5767089"
OH438,New York Hair & Beauty Supply,OH,"New York Hair & Beauty Supply, 438 Northfield Road, Northfield, OH",Northfield,"41.4064912, -81.52848159999999"
OH599,Beauty Plus,OH,"Beauty Plus, 599 East 125th Street, Cleveland, OH",Cleveland,"41.5408414, -81.5971904"
OH2765,Urban Diva Beauty Supply,OH,"Urban Diva Beauty Supply, 2765 East 55th Street, Cleveland, OH",Cleveland,"41.4827977, -81.65091749999999"
OH5810,Amani Beauty,OH,"Amani Beauty, 5810 Madison Road, Cincinnati, OH",Cincinnati,"39.1609688, -84.393692"
OH993,Dollar Plus,OH,"Dollar Plus, 993 Mount Vernon Avenue, Columbus, OH",Columbus,"39.9715857, -82.97549959999999"
OH1910,Hair & Beauty Depot,OH,"Hair & Beauty Depot, 1910 Brice Road, Reynoldsburg, OH",Reynoldsburg,"39.9410858, -82.8282012"
1000007,Danny’s Hair & Beauty (OH10740),OH,"Danny’s Hair & Beauty (OH10740), 10740 Lorain Avenue, Cleveland, OH",Cleveland,"41.4665236, -81.76075569999999"
OH915S,Hair world Akron,OH,"Hair world Akron, 915 South Arlington Street, Akron, OH",Akron,"41.0472051, -81.4905143"
OH1848,Julia Wireless & Beauty Supplies,OH,"Julia Wireless & Beauty Supplies, 1848 East Seymour Avenue, East Cleveland, OH",East Cleveland,"41.5331066, -81.57901369999999"
OH180,Hair world,OH,"Hair world, 180 West Northern Avenue, Springfield, OH",Springfield,"39.9377165, -83.8115091"
OH691,Beauty connection (OH691),OH,"Beauty connection (OH691), 691 Harrisburg pike, Columbus, OH",Columbus,"39.943191, -83.0395154"
OH8537,Jennah beauty supply (OH8537),OH,"Jennah beauty supply (OH8537), 3537 Winton rd , Cincinnati, OH",Cincinnati,"39.2228873, -84.5190034"
OH3441,Mila beauty supply (OH3441) ,OH,"Mila beauty supply (OH3441) , 3441 Warsaw ave , Cincinnati, OH",Cincinnati,"39.1099927, -84.56762599999999"
OH3212,NYC3 beauty supply (OH3212),OH,"NYC3 beauty supply (OH3212), 3212 Roosevelt blvd , Middletown, OH",Middletown,"39.50017, -84.3726896"
KY4443,Famous hair beauty supply #1,KY,"4443 Cane Run Rd, Louisville, KY 40216",Louisville,"38.1960531, -85.8398559"
KY5711,Famous hair beauty supply #2,KY,"5711 Preston Hwy, Louisville, KY 40219",Louisville,"38.1165118, -85.6768794"
KY1145,Beauty trendz beauty supply,KY,"1145 S 4th St, Louisville, KY 40203",Louisville,"38.2357383, -85.7597955"
KY4838,Jim dandy beauty supply,KY,"4838 Poplar Level Rd, Louisville, KY 40213",Louisville,"38.1721729359732, -85.68607930367425"
KY2225,KNS beauty supply (jc beauty),KY,"2225 Hikes Ln, Louisville, KY 40218",Louisville,"38.2006295, -85.6598229"
KY3131,Joe's beauty supply,KY,"3131 W Broadway #101, Louisville, KY 40211",Louisville,"38.2459956, -85.7536447"
KY5711(hair heaven),Hair heaven beauty supply,KY,"5705 Preston Hwy, Louisville, KY 40219",Louisville,"38.16842580678662, -85.70217189203835"
KY4443C,K&T Beauty Supply (KY4443C),KY,"4443 Cane Run Rd, Louisville, KY 40216",Louisville,"38.1949641, -85.84047"
KY139,Bundles n wigs beauty supply,KY,"139 E New Circle Rd STE 110, Lexington, KY 40505",Louisville,"38.0648027, -84.4677639"
GA4437,5 STAR BEAUTY,GA,"4437 COLUMBUS RD STE:C, MACON, GA 31206",MACON,"32.8251575, -83.71542869999999"
GA642,5 STAR BEAUTY,GA,"642 SHURLING DR, MACON, GA 31211",MACON,"32.8609293, -83.6122056"
GA3217,BEAUTY QUEEN 98C STORE,GA,"3217 MERCER UNIVERSITY DR, MACON, GA 31204",MACON,"32.8239328, -83.6825042"
GA1340,BEAUTY QUEEN 98C STORE,GA,"1340 GRAY HIGHWAY, MACON, GA 31211",MACON,"32.86195680000001, -83.61530359999999"
GA3920,HAIR ZONE BEAUTY SUPPLY,GA,"3920 PIO NONO AVE, MACON, GA 31206",MACON,"32.7938031, -83.6668203"
GA4551,HAIR DEPOT,GA,"4551 BILLY WILLIAMSON DR, MACON, GA31206",MACON,"32.805295, -83.6934887"
GA4601,5 STAR BEAUTY,GA,"4601 SKIDAWAY RD, SAVANNAH, GA 31404",SAVANNAH,"32.0273631, -81.0710701"
GA1940,BEAUTY & BEYOND,GA,"1940 MILLS B LANE BLVD #E, SAVANNAH, GA 31405",SAVANNAH,"32.0539206, -81.1393143"
GA711,BEAUTY & BEYOND,GA,"711 E MONTGOMERY CROSS RD, SAVANNAH, GA 31406",SAVANNAH,"31.993009, -81.1007114"
GA628,BEAUTY & BEYOND,GA,"628 MARTIN LUTHER KING JR BLVD, SAVANNAH, GA 31401",SAVANNAH,"32.06872, -81.1016012"
GA1900,BEAUTY GIANT,GA,"1900 E VICTORY DR SUITE D6, SAVANNAH, GA 31404",SAVANNAH,"32.0421397, -81.0659043"
GA2125,ROYAL BEAUTY SUPPLY,GA,"2125 E VICTORY DR, SAVANNAH, GA 31404",SAVANNAH,"32.0397353, -81.06352590000002"
GA3705,MECCA FASHION,GA,"3705 MONTGOMERY ST, SAVANNAH, GA 31405",SAVANNAH,"32.0460376, -81.10964659999999"
GA8303,IT'S AMAZING BEAUTY,GA,"8303 WHITE BLUFF RD #A, SAVANNAH, GA31406",SAVANNAH,"31.9989738, -81.1226425"
GA201,PRINCESS BEAUTY SUPPLY,GA,"201 E MONTGOMERY CROSS RD, SAVANNAH, GA31406",SAVANNAH,"31.9970662, -81.1190854"
GA3240,5 STAR BEAUTY,GA,"3240 S COBB DR SE SUITE 700, SMYRNA, GA 30080",SMYRNA,"33.8594405, -84.51711"
GA4632,5 STAR BEAUTY,GA,"4632 HICKS RD, MABLETON, GA 30126",MABLETON,"33.8448164, -84.578643"
GA1005,5 STAR BEAUTY,GA,"1005 RUSSELL PKWY, WARNER ROBINS, GA 31088",WARNER ROBINS,"32.5936685, -83.6568249"
GA1557,5 STAR BEAUTY,GA,"1557 WATSON BLVD, WARNER ROBINS, GA 31093",WARNER ROBINS,"32.6183461, -83.6479523"
GA1846,BEAUTY QUEEN BEAUTY SUPPLY,GA,"1846 WATSON BLVD, WARNER ROBINS, GA 31093",WARNER ROBINS,"32.6186761, -83.6398473"
GA109,BEAUTY QUEEN BEAUTY SUPPLY,GA,"109 RUSSELL PKWY, WARNER ROBINS, GA 31088",WARNER ROBINS,"32.5923839, -83.62480049999999"
GA2724,ECON BEAUTY SUPPLY,GA,"2724 WATSON BLVD STE A, WARNER ROBINS, GA31093",WARNER ROBINS,"32.6205305, -83.6747607"
GA1835,5 STAR BEAUTY,GA,"1835 N COLUMBIA ST, MILLEDGEVILLE, GA 31061",MILLEDGEVILLE,"33.1200837, -83.2616317"
GA1810,BEAUTY QUEEN 98C STORE,GA,"1810 N COLUMBIA ST, MILLEDGEVILLE, GA 31061",MILLEDGEVILLE,"33.1016969, -83.2511303"
GA147,BEAUTY & BEYOND,GA,"147 ATLANTA CONNECTOR, BRUNSWICK, GA 31525",BRUNSWICK,"31.1536336, -81.4822716"
GA229,BEAUTY & BEYOND,GA,"229 W GENERAL SCREVEN WAY SUITE K, HINESVILLE, GA 31313",HINESVILLE,"31.8488344, -81.6062725"
GA104,PARADISE BEAUTY,GA,"104 W GENERAL SCREVEN WAY, HINESVILLE, GA 31313",HINESVILLE,"31.8461031, -81.6030934"
GA1001,BEAUTY DEPOT SUPER CENTER,GA,"1001 N SLAPPEY BLVD, ALBANY, GA31701",ALBANY,"31.5906201, -84.1773896"
GA6575,BEAUTY QUEEN,GA,"6575 WHITTLESEY BLVD SUIT A-100, COLUMBUS, GA 31909",COLUMBUS,"32.5467935, -84.941567"
GA3465,BEAUTY QUEEN 98C STORE,GA,"3465 MACON RD, COLUMBUS, GA 31907",COLUMBUS,"32.4846343, -84.9381179"
GA502,BEAUTY QUEEN 98C STORE,GA,"502 BROWN AVE, COLUMBUS, GA 31906",COLUMBUS,"32.4555267, -84.9601543"
GA1920,BEST BEAUTY,GA,"1920 AUBURN AVE, COLUMBUS, GA 31906",COLUMBUS,"32.485872, -84.9457288"
GA915,EXPRESS BEAUTY SUPPLY,GA,"915 AMBER DR B, COLUMBUS, GA 31907",COLUMBUS,"32.4719877, -84.8923181"
GA245,GA'S BEAUTY SUPPLY,GA,"245 HOPKINS CORNER DR, WAYNESBORO, GA 30830",WAYNESBORO,"33.1053921, -82.0233915"
GA1515,BEAUTY WORLD BEAUTY SUPPLY,GA,"1515 N ASHLEY ST, VALDOSTA, GA 31602",VALDOSTA,"30.850423, -83.2802227"
GA1715,EMPIRE HAIR & BEAUTY SUPPLY,GA,"1715 NORMAN DR, VALDOSTA, GA31601",VALDOSTA,"30.8411647, -83.31772610000002"
GA4855,SEVEN DAUGHTERS BEAUTY SUPPLY,GA,"4855 OLD NATIONAL HWY STE B, ATLNTA,GA30337",ATLNTA,"33.6226007, -84.47677"
GA4800,EMPRESS BEAUTY SUPPLY,GA,"4800 REDAN RD, STONE MOUNTAIN, GA30088",STONE MOUNTAIN,"33.8227652, -84.2185527"
GA1865,EMPRESS BEAUTY SUPPLY,GA,"1865 MOUNT ZION RD, MORROW, GA30260",MORROW,"33.5679924, -84.3316481"
GA1631,HAIR GLOBAL AUGUSTA,GA,"1631 GORDON HWY STE 7A, AUGUSTA, GA 30906",AUGUSTA,"33.4414832, -82.0145055"
GA1647,IT'S AMAZING BEAUTY SUPPLY,GA,"1647 GORDON HWY, AUGUSTA, GA 30906",AUGUSTA,"33.4404, -82.0178593"
GA525,GATE 2 BEAUTY SUPPLY,GA,"525 E ROBINSON AVE, GROVETOWN, GA30813",GROVETOWN,"33.4438824, -82.186622"
GA1217,ELEGANT BEAUTY SUPPLY,GA,"1217 16TH AVE E, CORDELE, GA 31015",CORDELE,"31.9612703, -83.7589942"
SC117,KING'S BEAUTY SUPPLY,SC,"117 W BUTLER RD, MAULDIN, SC 29662",MAULDIN,"34.7767716, -82.3107847"
SC506,Empire Beauty Supply,SC,"506 pearl st. , Darlington, SC29532",Darlington,"34.299371, -79.87838479999999"
SC969,BEAUTY A PLUS,SC,"969 SOUTH GOVERNOR WILLIAMS HWY, DARLINGTON, SC29532",DARLINGTON,"34.2835978, -79.8612057"
SC1344,HAIR DEPOT,SC,"1344 BYPASS 25NE, GREENWOOD, SC29649",GREENWOOD,"34.2150571, -82.1511862"
SC458,UNIQUE BEAUTY SUPPLY,SC,"458 LEE ST, JOHNSTON, SC 29832",JOHNSTON,"33.8325628, -81.8019471"
SC875,IMAN'S BEAUTY SUPPLY,SC,"875 ALBRIGHT RD SUITE 125, ROCK HILL, SC 29730",ROCK HILL,"34.908038, -81.0198003"
SC812,IT'S AMAZING BEAUTY SUPPLY,SC,"812 ELM ST E, HAMPTON, SC 29924",HAMPTON,"32.8586551, -81.0975907"
SC975,New York Beauty & Fashion,SC,975 BACONS BRIDGE RD UNIT 168,Summerville,"32.9958552, -80.18569169999999"
SC217,YORK BEAUTY SUPPLY,SC,"217 S CONGRESS ST. STE B, YORK, SC29745",YORK,"34.9926442, -81.2422712"
SC106,HENRY&GINNY'S BEAUTY SUPPLY,SC,"106 W BROAD ST, HEMINGWAY, SC29554",HEMINGWAY,"33.7534179, -79.4479827"
SC142,HAIR ZONE BEAUTY SUPPLIES,SC,"142 ST JAMES AVE, GOOSE CREEK, SC 29445",GOOSE CREEK,"33.0028785, -80.04083589999999"
SC1316,HAIR ZONE BEAUTY SUPPLIES,SC,"1316 RED BANK RD, GOOSE CREEK, SC 29445",GOOSE CREEK,"32.9691224, -80.0111477"
SC10592,HAIR ZONE,SC,"10592 DUNBARTON BLVD, BARNWELL, SC 29812",BARNWELL,"33.2416757, -81.3827893"
SC1034,HAIR ZONE BEAUTY SUPPLY,SC,"NORTHSAIDE PLAZA SHOPPING CENTER, 1034 YORK ST NE, AIKEN, SC 29801",AIKEN,"33.5748774, -81.70308849999999"
SC113,5 STAR BEAUTY SUPPLY,SC,"113 COLLEGE PARK RD STE G, LADSON, SC 29456",LADSON,"33.0057723, -80.0878792"
SC1508,EMPIRE BEAUTY,SC,"1508 ST MATTHEWS RD NE, ORANGEBURG, SC 29118",ORANGEBURG,"33.5136525, -80.8594534"
SC2026,KING'S BEAUTY,SC,"2026 COLUMBIA RD, ORANGEBURG, SC 29118",ORANGEBURG,"33.5163614, -80.86434249999999"
SC619,HOLLYWOOD BEAUTY SUPPLY,SC,"619 HARRY C RAYSOR DR, ST MATTHEWS, SC29135",ST MATTHEWS,"33.6604509, -80.7783978"
SC101,EMPIRE HAIR & BEAUTY SUPPLY,SC,"101 VERDAE BLVD #520, GREENVILLE, SC 29607",GREENVILLE,"34.8219133, -82.3395755"
SC2100,HAIR DEPOT,SC,"2100 WADE HAMPTON BLVD, GREENVILLE, SC 29615",GREENVILLE,"34.8844393, -82.3521399"
SC3336,KING'S BEAUTY SUPPLY,SC,"3336 AUGUSTA RD #2150, GREENVILLE, SC 29605",GREENVILLE,"34.8067203, -82.37978939999999"
SC10,GLAMOUR BEAUTY SUPPLY,SC,"10 SAMS POINT RD UNIT A1, BEAUFORT, SC 29902",BEAUFORT,"32.443907, -80.648215"
SC330,GLAMOUR BEAUTY SUPPLY,SC,"330 ROBERT SMALLS PKWY #15B, BEAUFORT, SC 29906",BEAUFORT,"32.4272902, -80.7301031"
SC2127,GLAMOUR BEAUTY SUPPLY,SC,"2127 BOUNDARY ST, BEAUFORT, SC 29902",BEAUFORT,"32.443713, -80.6927302"
SC280,BEAUTY SUPPLY & BEYOND,SC,"280 A S PIKE W, SUMTER, SC 29150",SUMTER,"33.9547373, -80.3728084"
SC947,HAIR DEPOT,SC,"947 S IRBY ST, FLORENCE, SC 29501",FLORENCE,"34.1851032, -79.7673463"
SC5101,HAIR DEPOT,SC,"5101 ASHLEY PHOSPHATE RD, CHARLESTON, SC 29418",CHARLESTON,"32.926747, -80.0795798"
SC3421,BEAUTY MASTERS,SC,"3421 RIVERS AVE #101, NORTH CHARLESTON, SC 29405",NORTH CHARLESTON,"32.8643724, -79.988254"
SC2000,UNIQUE BEAUTY SUPPLY,SC,"2000 MCMILLAN AVE, NORTH CHARLESTON, SC 29405",NORTH CHARLESTON,"32.8594785, -79.98043679999999"
SC65,HAIR TOPIC,SC,"65 SYCAMORE AVE UNIT E,CHARLESTON, SC 29407",HARLESTON,"32.7910885, -79.9894753"
SC7400,WIGS AND THINGS,SC,"7400 RIVERS AVE STE I, NORTH CHARLESTON, SC 29406",NORTH CHARLESTON,"32.925557, -80.0326485"
SC2150,DIVA BEAUTY SUPPLY,SC,"2150 NORTHWOODS BLVD K844, NORTH CHARLESTON, SC 29406",NORTH CHARLESTON,"32.9434158, -80.04395579999999"
SC3728,98 Cents & Fashion,SC,"3728 Ashley phosphate Rd, NORTH CHARLESTON, SC29418",NORTH CHARLESTON,"32.937747, -80.0573983"
SC4391,J BEAUTY SUPPLY,SC,"4391 DORCHESTER RD, SUITE210, NORTH CHARLESTON, SC29405",SUITE210,"32.898283, -80.0750606"
SC2230,HAIR DEPOT,SC,"2230 DECKER BLVD SUITE A, COLUMBIA, SC 29206",COLUMBIA,"34.053511, -80.9466593"
SC2355,HAIR DEPOT,SC,"2355 BROAD RIVER RD, COLUMBIA, SC 29210",COLUMBIA,"34.0413645, -81.0974104"
SC2730,KING'S BEAUTY SUPPLY,SC,"2730 BROAD RIVER RD, COLUMBIA, SC 29210",COLUMBIA,"34.046083, -81.1009138"
SC6432,KING'S BEAUTY SUPPLY,SC,"6432 TWO NOTCH RD, COLUMBIA, SC 29223",COLUMBIA,"34.057573, -80.9674635"
SC1600,HAIR DEPOT,SC,"1600 JOHN B WHITE SR BLVD STE 1010B, SPARTANBURG, SC 29301",SPARTANBURG,"34.928858, -81.9610065"
SC324,HOUSE OF BEAUTY SUPPLY,SC,"324 N MAIN ST, BISHOPVILLE, SC 29010",BISHOPVILLE,"34.2225434, -80.2429615"
SC386,GLAMOUR BEAUTY SUPPLY,SC,"386 D MARK CUMMINGS RD #107, HARDEEVILLE, SC 29927",HARDEEVILLE,"32.3090235, -80.9756305"
SC103,GLAMOUR BEAUTY SUPPLY,SC,"103 SEA ISLAND PKWY, LADY'S ISLAND, SC 29907",LADY'S ISLAND,"32.4165955, -80.6558056"
SC361,NYC BEAUTY,SC,"361 BELLS HWY, WALTERBORO, SC 29488",WALTERBORO,"32.9238478, -80.6821318"
SC429,KJ BEAUTY SUPPLY,SC,"429 BROOKS RD, ANDREWS, SC 29510",ANDREWS,"33.4484217, -79.55172329999999"
NC2536,BEAUTY & US SUPPLY,NC,"2536 ONSLOW DR, JACKSONVILLE, NC 28540",JACKSONVILLE,"34.7581229, -77.4124837"
NC1910,BEAUTY GIANT,NC,"1910 PAMALEE, FAYETTEVILLE, NC 28301",FAYETTEVILLE,"35.0868185, -78.9306149"
NC3716,LAVISH BEAUTY SUPPLY,NC,"3716 RAMSEY ST, FAYETTEVILLE, NC 28311",FAYETTEVILLE,"35.1105942, -78.87873479999999"
NC2724,PREMIER HAIR & BEAUTY,NC,"2724 BRAGG BLVD, FAYETTEVILLE, NC28303",FAYETTEVILLE,"35.0738629, -78.9251482"
NC239,DIVA BEAUTY SUPPLY HUMAN HAIR&WIG,NC,"239 S GRAHAM HOPEDALE RD, BURLINGTON, NC 27217",BURLINGTON,"36.0941541, -79.4066239"
NC513,DUKES BEAUTY SUPPLY,NC,"513 E ASH ST, GOLDSBORO, NC 27530",GOLDSBORO,"35.3837537, -77.9878956"
NC567,ULTRA BEAUTY SUPPLY,NC,"567 E NEW HOPE RD, GOLDSBORO, NC 27534",GOLDSBORO,"35.3864423, -77.9033785"
NC1017,HAIRCASA BEAUTY SUPPLY,NC,"1017 N SPENCE AVE, GOLDSBORO, NC27534",GOLDSBORO,"35.3882395, -77.9490587"
NC1232,EGO BEAUTY SUPPLY,NC,"1232 WAUGHTOWN ST, WINSTON-SALEM, NC 27107",WINSTON-SALEM,"36.0685173, -80.2124801"
NC1497,EGO BEAUTY SUPPLY,NC,"1497 NEW WALKERTOWN RD, WINSTON-SALEM, NC 27101",WINSTON-SALEM,"36.1033034, -80.2263367"
NC5383,EGO BEAUTY SUPPLY,NC,"5383 SHATTALON DR, WINSTON-SALEM, NC 27106",WINSTON-SALEM,"36.1727275, -80.30340410000001"
NC675,HOLLYWOOD BEAUTY SUPPLY,NC,"675 PETERS CREEK PKWY, WINSTON-SALEM, NC 27103",WINSTON-SALEM,"36.0823052, -80.2565458"
NC3015,HAIR DEPOT,NC,"3015 WAUGHTOWN ST#110, WINSTON-SALEM,NC27107",WINSTON-SALEM,"36.0786716, -80.18096709999999"
NC3709,UNIQUE HAIR & BEAUTY SUPPLY,NC,"3709 N CHURCH SST, GREENSBORO, NC 27405",GREENSBORO,"36.132013, -79.789813"
NC5555,ZENA BEAUTY SUPPLY,NC,"5555 W MARKET ST, GREENSBORO, NC 27409",GREENSBORO,"36.0760876, -79.8927219"
NC3205,BEAUTY GIANT,NC,"3205 S HOLDEN RD, GREENSBORO, NC 27407",GREENSBORO,"36.0419202, -79.850277"
NC4623,BEAUTY LAND,NC,"4623 HIGH POINT RD B, GREENSBORO, NC 27407",GREENSBORO,"36.036662, -79.851949"
NC1431,BEAUTY LAND,NC,"1431 E CONE BLVD, GREENSBORO, NC 27405",GREENSBORO,"36.1129779, -79.7627311"
NC2924,EZ HAIR BEAUTY SUPPLY,NC,"2924 W GATE CITY BLVD, GREENSBORO, NC 27403",GREENSBORO,"36.0500248, -79.83537070000001"
NC4616,TWINS BEAUTY SUPPLY,NC,"4616 W MARKET ST, GREENSBORO, NC 27407",GREENSBORO,"36.0714242, -79.8634721"
NC127,A BEAUTY SUPPLY,NC,"127 N FAIRVIEW RD, ROCKY MOUNT, NC 27801",ROCKY MOUNT,"35.9312101, -77.7723249"
NC872,BEAUTY LAND,NC,"872 W RALEIGH BLVD, ROCKY MOUNT, NC 27803",ROCKY MOUNT,"35.9263178, -77.8175213"
NC1401,BEAUTY LAND 2,NC,"1401 E RALEIGH BLVD, ROCKY MOUNT, NC 27804",ROCKY MOUNT,"35.9328299, -77.8121575"
NC810,BREAM BEAUTY & TOBACCO,NC,"810 HARBOUR W DR, ROCKY MOUNT, NC 27803",ROCKY MOUNT,"35.9364172, -77.8278883"
NC2201,QUEENS BEAUTY SUPPLY,NC,"2201 ST. ANDREW ST, TARBORO, NC 27886",TARBORO,"35.9137183, -77.5420134"
NC2512,ADORIA BEAUTY CENTERS,NC,"2512 S MEMORIAL DR, GREENVILLE, NC 27834",GREENVILLE,"35.5937572, -77.39662249999999"
NC2308,BEAUTY WORLD SUPPLY,NC,"2308 S MEMORIAL DR, GREENVILLE, NC 27834",GREENVILLE,"35.5974349, -77.39582229999999"
NC1631,SEREEN BEAUTY SUPPLY,NC,"1631 GREENVILLE BLVD SE, GREENVILLE, NC 27858",GREENVILLE,"35.5912529, -77.3454848"
NC1310,SEREEN BEAUTY SUPPLY,NC,"1310 CAROLINA AVE, WASHINGTON, NC 27889",WASHINGTON,"35.5588605, -77.06098039999999"
NC914,BEAUTY GIANT,NC,"914 E GREEN DR, HIGH POINT, NC 27260",HIGH POINT,"35.9531909, -79.9829361"
NC1677,BLACK STAR BEAUTY SUPPLY 2,NC,"1677 WESTCHESTER DR #140, HIGH POINT, NC 27262",HIGH POINT,"35.9496286, -80.03084830000002"
NC2850,BLACK STAR BEAUTY SUPPLY,NC,"2850 S MAIN ST #106, HIGH POINT, NC 27263",HIGH POINT,"35.95711, -80.00574000000002"
NC3716,HOLLYWOOD HAIR & BEAUTY,NC,"3716 W W.T.HARRIS BLVD SUITE B, CHARLOTTE, NC 28269",CHARLOTTE,"35.3348111, -80.794444"
NC2508,HOLLYWOOD HAIR & BEAUTY,NC,"2508 LITTLE ROCK RD, CHARLOTTE, NC 28214",CHARLOTTE,"35.2553472, -80.9408503"
NC201,IMAN PROFESSIONAL BEAUTY SUPPLY,NC,"201 W ARROWOOD RD, CHARLOTTE, NC 28217",CHARLOTTE,"35.1585489, -80.8767351"
NC3583,BEAUTY LAND,NC,"3583 MAITLAND DR, RALEIGH, NC 27610",RALEIGH,"35.7966751, -78.5820485"
NC1030,LEENA BEAUTY SUPPLY,NC,"1030 N ROGERS LN STE#147, RALEIGH, NC 27610",RALEIGH,"35.7864644, -78.5463458"
NC5563,DIVA BEAUTY SUPPLY,NC,"5563 WESTERN BLVD, RALEIGH, NC 27606",RALEIGH,"35.7839612, -78.7203754"
NC2431,HAIR DEPOT 6,NC,"2431 SPRING FOREST RD, RALEIGH, NC 27615",RALEIGH,"35.8596761, -78.596959"
NC216,DANIA BEAUTY SUPPLY,NC,"216 FOREST HILLS DR, GARNER, NC 27529",GARNER,"35.7076123, -78.62283579999999"
NC1419,ZAINA BEAUTY SUPPLY,NC,"1419 E FRANKLIN BLVD, GASTONIA, NC 28054",GASTONIA,"35.2617323, -81.1553859"
NC2549,HAIR DEPOT BEAUTY CENTER,NC,"2549 W FRANKLIN BLVD, GASTONIA, NC 28052",GASTONIA,"35.2569545, -81.2270557"
NC925,BEAUTY LAND,NC,"925 WARD BLVD, WILSON, NC 27893",WILSON,"35.7262145, -77.9333902"
NC814,QUEENS BEAUTY SUPPLY,NC,"814 WARD BLVD, WILSON, NC 27893",WILSON,"35.7166389, -77.9330267"
NC4000,NEW BEAUTY,NC,"4000 WARD BLVD, WILSON, NC 27893",WILSON,"35.7366867, -77.9033015"
NC3467,BEAUTY DEPOT,NC,"3467 AIRPORT BLVD, SUITE D, WILSON, NC27896",SUITE D,"35.7651832, -77.9489092"
NC907,BEAUTY LAND,NC,"907 N MIAMI BLVD, DURHAM, NC 27703",DURHAM,"35.9927342, -78.8692202"
NC3600,DUKE BEAUTY SUPPLY,NC,"3600 N DUKE ST #14, DURHAM, NC 27704",DURHAM,"36.0490948, -78.9040704"
NC3029,CHIC LADY,NC,"3029 MARKET ST, WILMINGTON, NC 28403",WILMINGTON,"34.241098, -77.8995689"
NC940,EZ HAIR BEAUTY,NC,"940 S CANNON BLVD, KANNAPOLIS, NC 28083",KANNAPOLIS,"35.4829189, -80.6129533"
NC7945,THE BEAUTY DEPOT,NC,"7945 LYLES LN NW, CONCORD, NC 28027",CONCORD,"35.3657339, -80.7141011"
NC2210,MAD FLAVORS BEAUTY SUPPLIES,NC,"2210 STATESVILLE BLVD, SALISBURY, NC 28147",SALISBURY,"35.6946772, -80.5057081"
NC3215,FANCY BEAUTY SUPPLY,NC,"3215 TEYLORSVILLE HWY, STATESVILLE, NC28625",STATESVILLE,"35.7967138, -80.9401464"
VA1459,FABULOUS BEAUTY SUPPLY 2,VA,"1459 SOUTH BOSTON RD, DANVILLE, VA 24540",DANVILLE,"36.5810616, -79.3412455"
VA2330,BEAUTY MASTER,VA,"2330 PORTSMOUTH BLVD, PORTSMOUTH, VA23704",PORTSMOUTH,"36.816921, -76.3278851"
VA23,HAIR GALLERIA,VA,"23 NEWMARKET SQUARE, NEWPORT NEWS, VA 23605",NEWPORT NEWS,"37.0192646, -76.4396162"
VA3041,THE HAIR PALACE,VA,"3041 MECHANICSVILLE TPKE, RICHMOND, VA 23223",RICHMOND,"37.5670143, -77.40071259999999"
VA449,HAIR PALACE SOUTHDISE INC,VA,"449 E BELT BLVD STE F, RICHMOND, VA 23224",RICHMOND,"37.5044696, -77.4733011"
VA9550,BEAUTY PALACE & SUPPLIES,VA,"9550 LIBERIA AVE, MANASSAS, VA 20110",MANASSAS,"38.7619392, -77.4601254"
VA6537,LUX BEAUTY,VA,6537 COLLEGE PARK SQUARE,Virginia Beach,"36.8090375, -76.21721389999999"
PA2140,Elegant Beauty 1,PA,2140 Wylie Avenue,Pittsburgh,"40.4457047, -79.9773211"
PA723,Hair Land&fashion,PA,723 Penn Avenue,West Reading,"40.4428801, -79.8860715"
PA220,Modern Hair Beauty Supply,PA,220 Brownsville Road,Pittsburgh,"40.4154472, -79.9876632"
PA533,Queen’s hair and beauty supplies,PA,533 East Ohio Street,Pittsburgh,"40.4535966, -79.99949389999999"
PA6113,Sky's the Limit Hair and Beauty Supply,PA,6113 Broad Street,Pittsburgh,"40.462011, -79.9225537"
PA10740,Hair World PA,PA,10740 Frankstown Road,Penn Hills,"40.4616813, -79.8404312"
PA1763,The Hair Depot PA,PA,1763 South Braddock Avenue,Pittsburgh,"40.4276474, -79.88580379999999"
IN5333,URban Beauty Supply,IN,5333 East Thompson Road,Indianapolis,"39.6934027, -86.0767539"
IN4621,The Hair Expo,IN,4621 Lafayette Road,Indianapolis,"39.832960, -86.239322"
IN10255,Supreme Hair Depot,IN,10255 East Washington Street,Indianapolis,"39.7733281, -85.98504679999999"
KY1145,BEAUTY TRENDZ,KY,"1145 4TH ST, LOUISVILLE, KY 40203",LOUISVILLE,"38.2381851, -85.7597852"
KY4443,FAMOUS HAIR BEAUTY SUPPLY,KY,"4443 CANE RUN RD, LOUISVILLE, KY 40216",LOUISVILLE,"38.1960531, -85.8398559"
KY5711,FAMOUS HAIR BEAUTY SUPPLY,KY,"5711 PRESTON HWY, LOUISVILLE, KY 40219",LOUISVILLE,"38.1517025, -85.6980186"
KY139,BUNDLES N WIGS,KY,"139 E NEW CIRCLE RD STE 110, LEXINGTON, KY 40505",LEXINGTON,"38.0648027, -84.4677639"
WI2640,HAIR ZONE,WI,"2640 W FOND DU LAC AVE, MILWAUKEE, WI 53206",MILWAUKEE,"43.0673487, -87.94694"
SC4950,Beauty master center ( SC4950),SC,4950 center pointe dr,North Charleston,"32.906963, -80.046367"
IN3307,Diva Beauty Supply IN,IN,3309 East State Boulevard,Fort Wayne,"41.09785189999999, -85.0970128"
IN5509,Hair and Beauty Depot - Fort Wayne,IN,5509 Coldwater Road,Fort Wayne,"41.1299788, -85.1405561"
IN2350,Hunt's Beauty Supply,IN,2350 Hickory Road,Huntington,"41.6749871, -86.2847589"
IN244,Hunts Beauty Supply South Bend,IN,244 South Olive St,South Bend,"41.670566, -86.2796195"
IN2338,Zuri Beauty Supply,IN,2338 East Stop 11 Rd,Indianapolis,"39.6512993, -86.12069760000001"
VA443,The hair palace south side (VA443),VA,443 e belt blvd ,Richmond,"37.491334, -77.447545"
NC2605,Hair city beauty supply (NC2605),NC,2605 E elm st,Greensboro,"35.368006, -77.95759009999999"
NC1033,Baly beauty supply (NC1033),NC,1033 Randolph st,Thomasville,"35.2235941, -80.8247192"
SC2716,Blush beauty supply (SC2716),SC,2716 Anderson rd ,Anderson,"34.8148109, -82.443708"
SC1346,Hair depot (SC1346),SC,1346 bypass 72 NE ,Greenwood,"34.2150571, -82.1511862"
GA265,VIP beauty supply (GA265),GA,265 Tom Hill sr blvd,Macon,"32.8967738, -83.6894377"
IN2455,Hunts Beauty Supply Elkhart,IN,1712 South Nappanee Street,Elkhart,"41.6714533, -86.0015317"
GA204,Queen beauty supply (GA204),GA,"204 Manhattan St, Americus, GA 31709",Americus,"32.0628236, -84.2238383"
IN2304,Unique beauty supply (IN2304),IN,2304 Lincoln way w ,South Bend,"41.6876918, -86.28268899999999"
